단어,키열
사람,ㅅㅏㄹㅏㅁ
사회,ㅅㅏㅎㅗㅣ
경우,ㄱㅕㅇㅇㅜ
자신,ㅈㅏㅅㅣㄴ
정도,ㅈㅓㅇㄷㅗ
시간,ㅅㅣㄱㅏㄴ
사실,ㅅㅏㅅㅣㄹ
다음,ㄷㅏㅇㅡㅁ
학교,ㅎㅏㄱㄱㅛ
정부,ㅈㅓㅇㅂㅜ
국가,ㄱㅜㄱㄱㅏ
여성,ㅇㅕㅅㅓㅇ
친구,ㅊㅣㄴㄱㅜ
마음,ㅁㅏㅇㅡㅁ
남자,ㄴㅏㅁㅈㅏ
지역,ㅈㅣㅇㅕㄱ
모습,ㅁㅗㅅㅡㅂ
이번,ㅇㅣㅂㅓㄴ
지금,ㅈㅣㄱㅡㅁ
처음,ㅊㅓㅇㅡㅁ
그때,ㄱㅡㄷㄷㅐ
이상,ㅇㅣㅅㅏㅇ
교육,ㄱㅛㅇㅠㄱ
역사,ㅇㅕㄱㅅㅏ
내용,ㄴㅐㅇㅛㅇ
시장,ㅅㅣㅈㅏㅇ
의미,ㅇㅡㅣㅁㅣ
정치,ㅈㅓㅇㅊㅣ
얘기,ㅇㅑㅣㄱㅣ
연구,ㅇㅕㄴㄱㅜ
엄마,ㅇㅓㅁㅁㅏ
이름,ㅇㅣㄹㅡㅁ
사건,ㅅㅏㄱㅓㄴ
대학,ㄷㅐㅎㅏㄱ
상태,ㅅㅏㅇㅌㅐ
당시,ㄷㅏㅇㅅㅣ
지방,ㅈㅣㅂㅏㅇ
자체,ㅈㅏㅊㅓㅣ
부분,ㅂㅜㅂㅜㄴ
기업,ㄱㅣㅇㅓㅂ
아들,ㅇㅏㄷㅡㄹ
선거,ㅅㅓㄴㄱㅓ
오늘,ㅇㅗㄴㅡㄹ
아침,ㅇㅏㅊㅣㅁ
기술,ㄱㅣㅅㅜㄹ
필요,ㅍㅣㄹㅇㅛ
하늘,ㅎㅏㄴㅡㄹ
자연,ㅈㅏㅇㅕㄴ
그림,ㄱㅡㄹㅣㅁ
혼자,ㅎㅗㄴㅈㅏ
이제,ㅇㅣㅈㅓㅣ
사랑,ㅅㅏㄹㅏㅇ
아빠,ㅇㅏㅂㅂㅏ
가슴,ㄱㅏㅅㅡㅁ
회사,ㅎㅗㅣㅅㅏ
표정,ㅍㅛㅈㅓㅇ
일부,ㅇㅣㄹㅂㅜ
요즘,ㅇㅛㅈㅡㅁ
얼마,ㅇㅓㄹㅁㅏ
세기,ㅅㅓㅣㄱㅣ
가족,ㄱㅏㅈㅗㄱ
형태,ㅎㅕㅇㅌㅐ
정보,ㅈㅓㅇㅂㅗ
국내,ㄱㅜㄱㄴㅐ
모양,ㅁㅗㅇㅑㅇ
조건,ㅈㅗㄱㅓㄴ
바람,ㅂㅏㄹㅏㅁ
마을,ㅁㅏㅇㅡㄹ
대회,ㄷㅐㅎㅗㅣ
공부,ㄱㅗㅇㅂㅜ
노력,ㄴㅗㄹㅕㄱ
언니,ㅇㅓㄴㄴㅣ
자식,ㅈㅏㅅㅣㄱ
주민,ㅈㅜㅁㅣㄴ
존재,ㅈㅗㄴㅈㅐ
분야,ㅂㅜㄴㅇㅑ
사업,ㅅㅏㅇㅓㅂ
수준,ㅅㅜㅈㅜㄴ
표현,ㅍㅛㅎㅕㄴ
기분,ㄱㅣㅂㅜㄴ
동시,ㄷㅗㅇㅅㅣ
기능,ㄱㅣㄴㅡㅇ
노동,ㄴㅗㄷㅗㅇ
이때,ㅇㅣㄷㄷㅐ
과거,ㄱㅗㅏㄱㅓ
현대,ㅎㅕㄴㄷㅐ
시절,ㅅㅣㅈㅓㄹ
개인,ㄱㅐㅇㅣㄴ
작가,ㅈㅏㄱㄱㅏ
효과,ㅎㅛㄱㅗㅏ
불교,ㅂㅜㄹㄱㅛ
최고,ㅊㅗㅣㄱㅗ
고향,ㄱㅗㅎㅑㅇ
소설,ㅅㅗㅅㅓㄹ
질서,ㅈㅣㄹㅅㅓ
시민,ㅅㅣㅁㅣㄴ
이날,ㅇㅣㄴㅏㄹ
자세,ㅈㅏㅅㅓㅣ
저녁,ㅈㅓㄴㅕㄱ
시험,ㅅㅣㅎㅓㅁ
시설,ㅅㅣㅅㅓㄹ
어른,ㅇㅓㄹㅡㄴ
주변,ㅈㅜㅂㅕㄴ
대신,ㄷㅐㅅㅣㄴ
차례,ㅊㅏㄹㅕㅣ
재산,ㅈㅐㅅㅏㄴ
조금,ㅈㅗㄱㅡㅁ
언어,ㅇㅓㄴㅇㅓ
그날,ㄱㅡㄴㅏㄹ
기간,ㄱㅣㄱㅏㄴ
담배,ㄷㅏㅁㅂㅐ
조직,ㅈㅗㅈㅣㄱ
대화,ㄷㅐㅎㅗㅏ
올해,ㅇㅗㄹㅎㅐ
도움,ㄷㅗㅇㅜㅁ
가정,ㄱㅏㅈㅓㅇ
사진,ㅅㅏㅈㅣㄴ
주장,ㅈㅜㅈㅏㅇ
경기,ㄱㅕㅇㄱㅣ
주위,ㅈㅜㅇㅜㅣ
대책,ㄷㅐㅊㅐㄱ
여름,ㅇㅕㄹㅡㅁ
기회,ㄱㅣㅎㅗㅣ
기준,ㄱㅣㅈㅜㄴ
대중,ㄷㅐㅈㅜㅇ
지식,ㅈㅣㅅㅣㄱ
현재,ㅎㅕㄴㅈㅐ
주인,ㅈㅜㅇㅣㄴ
인류,ㅇㅣㄴㄹㅠ
선수,ㅅㅓㄴㅅㅜ
주제,ㅈㅜㅈㅓㅣ
기본,ㄱㅣㅂㅗㄴ
기억,ㄱㅣㅇㅓㄱ
인기,ㅇㅣㄴㄱㅣ
구성,ㄱㅜㅅㅓㅇ
이전,ㅇㅣㅈㅓㄴ
그룹,ㄱㅡㄹㅜㅂ
시인,ㅅㅣㅇㅣㄴ
평가,ㅍㅕㅇㄱㅏ
위치,ㅇㅜㅣㅊㅣ
가격,ㄱㅏㄱㅕㄱ
모임,ㅁㅗㅇㅣㅁ
기계,ㄱㅣㄱㅕㅣ
수업,ㅅㅜㅇㅓㅂ
겨울,ㄱㅕㅇㅜㄹ
종교,ㅈㅗㅇㄱㅛ
식사,ㅅㅣㄱㅅㅏ
이웃,ㅇㅣㅇㅜㅅ
편지,ㅍㅕㄴㅈㅣ
종류,ㅈㅗㅇㄹㅠ
어깨,ㅇㅓㄱㄱㅐ
여행,ㅇㅕㅎㅐㅇ
고통,ㄱㅗㅌㅗㅇ
오빠,ㅇㅗㅂㅂㅏ
바탕,ㅂㅏㅌㅏㅇ
의지,ㅇㅡㅣㅈㅣ
나중,ㄴㅏㅈㅜㅇ
며칠,ㅁㅕㅊㅣㄹ
사용,ㅅㅏㅇㅛㅇ
시선,ㅅㅣㅅㅓㄴ
목표,ㅁㅗㄱㅍㅛ
새벽,ㅅㅐㅂㅕㄱ
서양,ㅅㅓㅇㅑㅇ
냄새,ㄴㅐㅁㅅㅐ
남녀,ㄴㅏㅁㄴㅕ
속도,ㅅㅗㄱㄷㅗ
준비,ㅈㅜㄴㅂㅣ
소년,ㅅㅗㄴㅕㄴ
소식,ㅅㅗㅅㅣㄱ
그중,ㄱㅡㅈㅜㅇ
노인,ㄴㅗㅇㅣㄴ
영어,ㅇㅕㅇㅇㅓ
기록,ㄱㅣㄹㅗㄱ
교장,ㄱㅛㅈㅏㅇ
업무,ㅇㅓㅂㅁㅜ
입시,ㅇㅣㅂㅅㅣ
사장,ㅅㅏㅈㅏㅇ
선배,ㅅㅓㄴㅂㅐ
행사,ㅎㅐㅇㅅㅏ
근처,ㄱㅡㄴㅊㅓ
부정,ㅂㅜㅈㅓㅇ
사정,ㅅㅏㅈㅓㅇ
수출,ㅅㅜㅊㅜㄹ
비용,ㅂㅣㅇㅛㅇ
최초,ㅊㅗㅣㅊㅗ
놀이,ㄴㅗㄹㅇㅣ
뿌리,ㅂㅂㅜㄹㅣ
수입,ㅅㅜㅇㅣㅂ
상대,ㅅㅏㅇㄷㅐ
오전,ㅇㅗㅈㅓㄴ
가게,ㄱㅏㄱㅓㅣ
무역,ㅁㅜㅇㅕㄱ
부담,ㅂㅜㄷㅏㅁ
인사,ㅇㅣㄴㅅㅏ
배경,ㅂㅐㄱㅕㅇ
반대,ㅂㅏㄴㄷㅐ
소금,ㅅㅗㄱㅡㅁ
오염,ㅇㅗㅇㅕㅁ
발표,ㅂㅏㄹㅍㅛ
논리,ㄴㅗㄴㄹㅣ
교통,ㄱㅛㅌㅗㅇ
근거,ㄱㅡㄴㄱㅓ
시각,ㅅㅣㄱㅏㄱ
가을,ㄱㅏㅇㅡㄹ
내일,ㄴㅐㅇㅣㄹ
수단,ㅅㅜㄷㅏㄴ
판매,ㅍㅏㄴㅁㅐ
길이,ㄱㅣㄹㅇㅣ
의사,ㅇㅡㅣㅅㅏ
개방,ㄱㅐㅂㅏㅇ
인구,ㅇㅣㄴㄱㅜ
비판,ㅂㅣㅍㅏㄴ
세대,ㅅㅓㅣㄷㅐ
축구,ㅊㅜㄱㄱㅜ
사물,ㅅㅏㅁㅜㄹ
장소,ㅈㅏㅇㅅㅗ
바닥,ㅂㅏㄷㅏㄱ
새끼,ㅅㅐㄱㄱㅣ
공개,ㄱㅗㅇㄱㅐ
교실,ㄱㅛㅅㅣㄹ
매체,ㅁㅐㅊㅓㅣ
구속,ㄱㅜㅅㅗㄱ
비밀,ㅂㅣㅁㅣㄹ
이념,ㅇㅣㄴㅕㅁ
공사,ㄱㅗㅇㅅㅏ
박사,ㅂㅏㄱㅅㅏ
무용,ㅁㅜㅇㅛㅇ
해외,ㅎㅐㅇㅗㅣ
보통,ㅂㅗㅌㅗㅇ
사례,ㅅㅏㄹㅕㅣ
흐름,ㅎㅡㄹㅡㅁ
이익,ㅇㅣㅇㅣㄱ
위기,ㅇㅜㅣㄱㅣ
종이,ㅈㅗㅇㅇㅣ
절차,ㅈㅓㄹㅊㅏ
공기,ㄱㅗㅇㄱㅣ
이외,ㅇㅣㅇㅗㅣ
대답,ㄷㅐㄷㅏㅂ
시작,ㅅㅣㅈㅏㄱ
시위,ㅅㅣㅇㅜㅣ
최대,ㅊㅗㅣㄷㅐ
평소,ㅍㅕㅇㅅㅗ
견해,ㄱㅕㄴㅎㅐ
농사,ㄴㅗㅇㅅㅏ
어둠,ㅇㅓㄷㅜㅁ
주택,ㅈㅜㅌㅐㄱ
고장,ㄱㅗㅈㅏㅇ
검사,ㄱㅓㅁㅅㅏ
소문,ㅅㅗㅁㅜㄴ
가방,ㄱㅏㅂㅏㅇ
군대,ㄱㅜㄴㄷㅐ
시골,ㅅㅣㄱㅗㄹ
실수,ㅅㅣㄹㅅㅜ
부문,ㅂㅜㅁㅜㄴ
규정,ㄱㅠㅈㅓㅇ
식구,ㅅㅣㄱㄱㅜ
개선,ㄱㅐㅅㅓㄴ
그릇,ㄱㅡㄹㅡㅅ
글자,ㄱㅡㄹㅈㅏ
조상,ㅈㅗㅅㅏㅇ
대형,ㄷㅐㅎㅕㅇ
미술,ㅁㅣㅅㅜㄹ
군사,ㄱㅜㄴㅅㅏ
마당,ㅁㅏㄷㅏㅇ
부인,ㅂㅜㅇㅣㄴ
지적,ㅈㅣㅈㅓㄱ
우산,ㅇㅜㅅㅏㄴ
무릎,ㅁㅜㄹㅡㅍ
이용,ㅇㅣㅇㅛㅇ
참여,ㅊㅏㅁㅇㅕ
소득,ㅅㅗㄷㅡㄱ
침대,ㅊㅣㅁㄷㅐ
시계,ㅅㅣㄱㅕㅣ
의도,ㅇㅡㅣㄷㅗ
교회,ㄱㅛㅎㅗㅣ
외부,ㅇㅗㅣㅂㅜ
고객,ㄱㅗㄱㅐㄱ
수술,ㅅㅜㅅㅜㄹ
연기,ㅇㅕㄴㄱㅣ
마늘,ㅁㅏㄴㅡㄹ
고민,ㄱㅗㅁㅣㄴ
상처,ㅅㅏㅇㅊㅓ
진리,ㅈㅣㄴㄹㅣ
태양,ㅌㅐㅇㅑㅇ
동료,ㄷㅗㅇㄹㅛ
부족,ㅂㅜㅈㅗㄱ
개성,ㄱㅐㅅㅓㅇ
후반,ㅎㅜㅂㅏㄴ
숫자,ㅅㅜㅅㅈㅏ
택시,ㅌㅐㄱㅅㅣ
꼬리,ㄱㄱㅗㄹㅣ
전기,ㅈㅓㄴㄱㅣ
주식,ㅈㅜㅅㅣㄱ
상표,ㅅㅏㅇㅍㅛ
잡지,ㅈㅏㅂㅈㅣ
실시,ㅅㅣㄹㅅㅣ
재정,ㅈㅐㅈㅓㅇ
학자,ㅎㅏㄱㅈㅏ
기름,ㄱㅣㄹㅡㅁ
용어,ㅇㅛㅇㅇㅓ
지위,ㅈㅣㅇㅜㅣ
용기,ㅇㅛㅇㄱㅣ
토론,ㅌㅗㄹㅗㄴ
고급,ㄱㅗㄱㅡㅂ
고생,ㄱㅗㅅㅐㅇ
수석,ㅅㅜㅅㅓㄱ
제사,ㅈㅓㅣㅅㅏ
주말,ㅈㅜㅁㅏㄹ
지혜,ㅈㅣㅎㅕㅣ
참새,ㅊㅏㅁㅅㅐ
내년,ㄴㅐㄴㅕㄴ
순서,ㅅㅜㄴㅅㅓ
해결,ㅎㅐㄱㅕㄹ
여론,ㅇㅕㄹㅗㄴ
체조,ㅊㅓㅣㅈㅗ
물가,ㅁㅜㄹㄱㅏ
직후,ㅈㅣㄱㅎㅜ
차량,ㅊㅏㄹㅑㅇ
재판,ㅈㅐㅍㅏㄴ
제자,ㅈㅓㅣㅈㅏ
구역,ㄱㅜㅇㅕㄱ
대응,ㄷㅐㅇㅡㅇ
필자,ㅍㅣㄹㅈㅏ
구멍,ㄱㅜㅁㅓㅇ
날개,ㄴㅏㄹㄱㅐ
단지,ㄷㅏㄴㅈㅣ
민주,ㅁㅣㄴㅈㅜ
여인,ㅇㅕㅇㅣㄴ
부위,ㅂㅜㅇㅜㅣ
거울,ㄱㅓㅇㅜㄹ
양파,ㅇㅑㅇㅍㅏ
규칙,ㄱㅠㅊㅣㄱ
스승,ㅅㅡㅅㅡㅇ
잠시,ㅈㅏㅁㅅㅣ
증거,ㅈㅡㅇㄱㅓ
초점,ㅊㅗㅈㅓㅁ
공포,ㄱㅗㅇㅍㅗ
본래,ㅂㅗㄴㄹㅐ
부엌,ㅂㅜㅇㅓㅋ
입구,ㅇㅣㅂㄱㅜ
간부,ㄱㅏㄴㅂㅜ
단어,ㄷㅏㄴㅇㅓ
도입,ㄷㅗㅇㅣㅂ
여건,ㅇㅕㄱㅓㄴ
자격,ㅈㅏㄱㅕㄱ
김치,ㄱㅣㅁㅊㅣ
높이,ㄴㅗㅍㅇㅣ
소속,ㅅㅗㅅㅗㄱ
장사,ㅈㅏㅇㅅㅏ
추진,ㅊㅜㅈㅣㄴ
동기,ㄷㅗㅇㄱㅣ
마련,ㅁㅏㄹㅕㄴ
시점,ㅅㅣㅈㅓㅁ
어제,ㅇㅓㅈㅓㅣ
문자,ㅁㅜㄴㅈㅏ
신부,ㅅㅣㄴㅂㅜ
요금,ㅇㅛㄱㅡㅁ
위주,ㅇㅜㅣㅈㅜ
음료,ㅇㅡㅁㄹㅛ
의자,ㅇㅡㅣㅈㅏ
전자,ㅈㅓㄴㅈㅏ
하천,ㅎㅏㅊㅓㄴ
남부,ㄴㅏㅁㅂㅜ
부근,ㅂㅜㄱㅡㄴ
정리,ㅈㅓㅇㄹㅣ
줄기,ㅈㅜㄹㄱㅣ
대문,ㄷㅐㅁㅜㄴ
별도,ㅂㅕㄹㄷㅗ
비극,ㅂㅣㄱㅡㄱ
실내,ㅅㅣㄹㄴㅐ
외교,ㅇㅗㅣㄱㅛ
다방,ㄷㅏㅂㅏㅇ
아픔,ㅇㅏㅍㅡㅁ
이동,ㅇㅣㄷㅗㅇ
호흡,ㅎㅗㅎㅡㅂ
기온,ㄱㅣㅇㅗㄴ
바위,ㅂㅏㅇㅜㅣ
버릇,ㅂㅓㄹㅡㅅ
매력,ㅁㅐㄹㅕㄱ
보험,ㅂㅗㅎㅓㅁ
부장,ㅂㅜㅈㅏㅇ
심리,ㅅㅣㅁㄹㅣ
이틀,ㅇㅣㅌㅡㄹ
형사,ㅎㅕㅇㅅㅏ
그늘,ㄱㅡㄴㅡㄹ
무게,ㅁㅜㄱㅓㅣ
물기,ㅁㅜㄹㄱㅣ
온도,ㅇㅗㄴㄷㅗ
지붕,ㅈㅣㅂㅜㅇ
청소,ㅊㅓㅇㅅㅗ
표면,ㅍㅛㅁㅕㄴ
구름,ㄱㅜㄹㅡㅁ
구석,ㄱㅜㅅㅓㄱ
둥지,ㄷㅜㅇㅈㅣ
서클,ㅅㅓㅋㅡㄹ
증가,ㅈㅡㅇㄱㅏ
학기,ㅎㅏㄱㄱㅣ
목사,ㅁㅗㄱㅅㅏ
바늘,ㅂㅏㄴㅡㄹ
비중,ㅂㅣㅈㅜㅇ
전개,ㅈㅓㄴㄱㅐ
복도,ㅂㅗㄱㄷㅗ
수상,ㅅㅜㅅㅏㅇ
차별,ㅊㅏㅂㅕㄹ
구분,ㄱㅜㅂㅜㄴ
금지,ㄱㅡㅁㅈㅣ
분노,ㅂㅜㄴㄴㅗ
열차,ㅇㅕㄹㅊㅏ
의무,ㅇㅡㅣㅁㅜ
즉시,ㅈㅡㄱㅅㅣ
라면,ㄹㅏㅁㅕㄴ
설치,ㅅㅓㄹㅊㅣ
한자,ㅎㅏㄴㅈㅏ
사전,ㅅㅏㅈㅓㄴ
산소,ㅅㅏㄴㅅㅗ
석유,ㅅㅓㄱㅇㅠ
취미,ㅊㅜㅣㅁㅣ
거실,ㄱㅓㅅㅣㄹ
보람,ㅂㅗㄹㅏㅁ
비난,ㅂㅣㄴㅏㄴ
신고,ㅅㅣㄴㄱㅗ
주먹,ㅈㅜㅁㅓㄱ
경고,ㄱㅕㅇㄱㅗ
구경,ㄱㅜㄱㅕㅇ
근무,ㄱㅡㄴㅁㅜ
이불,ㅇㅣㅂㅜㄹ
이성,ㅇㅣㅅㅓㅇ
자동,ㅈㅏㄷㅗㅇ
장래,ㅈㅏㅇㄹㅐ
고전,ㄱㅗㅈㅓㄴ
봉투,ㅂㅗㅇㅌㅜ
사설,ㅅㅏㅅㅓㄹ
승리,ㅅㅡㅇㄹㅣ
좌우,ㅈㅗㅏㅇㅜ
추억,ㅊㅜㅇㅓㄱ
향기,ㅎㅑㅇㄱㅣ
현지,ㅎㅕㄴㅈㅣ
창조,ㅊㅏㅇㅈㅗ
홍보,ㅎㅗㅇㅂㅗ
대량,ㄷㅐㄹㅑㅇ
임시,ㅇㅣㅁㅅㅣ
특수,ㅌㅡㄱㅅㅜ
기운,ㄱㅣㅇㅜㄴ
유학,ㅇㅠㅎㅏㄱ
장비,ㅈㅏㅇㅂㅣ
처벌,ㅊㅓㅂㅓㄹ
카페,ㅋㅏㅍㅓㅣ
검토,ㄱㅓㅁㅌㅗ
기법,ㄱㅣㅂㅓㅂ
도중,ㄷㅗㅈㅜㅇ
맥주,ㅁㅐㄱㅈㅜ
신호,ㅅㅣㄴㅎㅗ
자판,ㅈㅏㅍㅏㄴ
돼지,ㄷㅗㅐㅈㅣ
수영,ㅅㅜㅇㅕㅇ
스님,ㅅㅡㄴㅣㅁ
조각,ㅈㅗㄱㅏㄱ
해석,ㅎㅐㅅㅓㄱ
자극,ㅈㅏㄱㅡㄱ
총리,ㅊㅗㅇㄹㅣ
대출,ㄷㅐㅊㅜㄹ
먼지,ㅁㅓㄴㅈㅣ
액수,ㅇㅐㄱㅅㅜ
우승,ㅇㅜㅅㅡㅇ
대륙,ㄷㅐㄹㅠㄱ
리듬,ㄹㅣㄷㅡㅁ
손해,ㅅㅗㄴㅎㅐ
요청,ㅇㅛㅊㅓㅇ
흥미,ㅎㅡㅇㅁㅣ
비닐,ㅂㅣㄴㅣㄹ
비율,ㅂㅣㅇㅠㄹ
소음,ㅅㅗㅇㅡㅁ
중부,ㅈㅜㅇㅂㅜ
해당,ㅎㅐㄷㅏㅇ
실태,ㅅㅣㄹㅌㅐ
애정,ㅇㅐㅈㅓㅇ
장르,ㅈㅏㅇㄹㅡ
국어,ㄱㅜㄱㅇㅓ
동포,ㄷㅗㅇㅍㅗ
악기,ㅇㅏㄱㄱㅣ
지출,ㅈㅣㅊㅜㄹ
말기,ㅁㅏㄹㄱㅣ
문서,ㅁㅜㄴㅅㅓ
박수,ㅂㅏㄱㅅㅜ
사흘,ㅅㅏㅎㅡㄹ
손자,ㅅㅗㄴㅈㅏ
자율,ㅈㅏㅇㅠㄹ
화가,ㅎㅗㅏㄱㅏ
매장,ㅁㅐㅈㅏㅇ
이달,ㅇㅣㄷㅏㄹ
전부,ㅈㅓㄴㅂㅜ
깊이,ㄱㅣㅍㅇㅣ
더위,ㄷㅓㅇㅜㅣ
무덤,ㅁㅜㄷㅓㅁ
사과,ㅅㅏㄱㅗㅏ
실패,ㅅㅣㄹㅍㅐ
형부,ㅎㅕㅇㅂㅜ
휴식,ㅎㅠㅅㅣㄱ
농부,ㄴㅗㅇㅂㅜ
무늬,ㅁㅜㄴㅡㅣ
지점,ㅈㅣㅈㅓㅁ
유물,ㅇㅠㅁㅜㄹ
정비,ㅈㅓㅇㅂㅣ
주의,ㅈㅜㅇㅡㅣ
파일,ㅍㅏㅇㅣㄹ
감기,ㄱㅏㅁㄱㅣ
방지,ㅂㅏㅇㅈㅣ
보장,ㅂㅗㅈㅏㅇ
흉내,ㅎㅠㅇㄴㅐ
두뇌,ㄷㅜㄴㅗㅣ
북부,ㅂㅜㄱㅂㅜ
분리,ㅂㅜㄴㄹㅣ
애인,ㅇㅐㅇㅣㄴ
일기,ㅇㅣㄹㄱㅣ
창고,ㅊㅏㅇㄱㅗ
초반,ㅊㅗㅂㅏㄴ
트럭,ㅌㅡㄹㅓㄱ
가장,ㄱㅏㅈㅏㅇ
부품,ㅂㅜㅍㅜㅁ
시중,ㅅㅣㅈㅜㅇ
심사,ㅅㅣㅁㅅㅏ
정기,ㅈㅓㅇㄱㅣ
차림,ㅊㅏㄹㅣㅁ
추위,ㅊㅜㅇㅜㅣ
감자,ㄱㅏㅁㅈㅏ
사방,ㅅㅏㅂㅏㅇ
유행,ㅇㅠㅎㅐㅇ
부탁,ㅂㅜㅌㅏㄱ
상자,ㅅㅏㅇㅈㅏ
열매,ㅇㅕㄹㅁㅐ
점수,ㅈㅓㅁㅅㅜ
해안,ㅎㅐㅇㅏㄴ
호박,ㅎㅗㅂㅏㄱ
근로,ㄱㅡㄴㄹㅗ
주방,ㅈㅜㅂㅏㅇ
공해,ㄱㅗㅇㅎㅐ
먹이,ㅁㅓㄱㅇㅣ
여럿,ㅇㅕㄹㅓㅅ
염려,ㅇㅕㅁㄹㅕ
일자,ㅇㅣㄹㅈㅏ
잔치,ㅈㅏㄴㅊㅣ
다행,ㄷㅏㅎㅐㅇ
비명,ㅂㅣㅁㅕㅇ
순수,ㅅㅜㄴㅅㅜ
안개,ㅇㅏㄴㄱㅐ
임무,ㅇㅣㅁㅁㅜ
가상,ㄱㅏㅅㅏㅇ
각자,ㄱㅏㄱㅈㅏ
보상,ㅂㅗㅅㅏㅇ
서민,ㅅㅓㅁㅣㄴ
수학,ㅅㅜㅎㅏㄱ
시집,ㅅㅣㅈㅣㅂ
용도,ㅇㅛㅇㄷㅗ
조정,ㅈㅗㅈㅓㅇ
건조,ㄱㅓㄴㅈㅗ
기둥,ㄱㅣㄷㅜㅇ
도덕,ㄷㅗㄷㅓㄱ
동부,ㄷㅗㅇㅂㅜ
사촌,ㅅㅏㅊㅗㄴ
유적,ㅇㅠㅈㅓㄱ
지갑,ㅈㅣㄱㅏㅂ
축소,ㅊㅜㄱㅅㅗ
해군,ㅎㅐㄱㅜㄴ
비행,ㅂㅣㅎㅐㅇ
수명,ㅅㅜㅁㅕㅇ
시즌,ㅅㅣㅈㅡㄴ
거액,ㄱㅓㅇㅐㄱ
교훈,ㄱㅛㅎㅜㄴ
신규,ㅅㅣㄴㄱㅠ
저축,ㅈㅓㅊㅜㄱ
제비,ㅈㅓㅣㅂㅣ
표준,ㅍㅛㅈㅜㄴ
항구,ㅎㅏㅇㄱㅜ
허용,ㅎㅓㅇㅛㅇ
거짓,ㄱㅓㅈㅣㅅ
거품,ㄱㅓㅍㅜㅁ
나물,ㄴㅏㅁㅜㄹ
도둑,ㄷㅗㄷㅜㄱ
도전,ㄷㅗㅈㅓㄴ
수면,ㅅㅜㅁㅕㄴ
승부,ㅅㅡㅇㅂㅜ
재능,ㅈㅐㄴㅡㅇ
교양,ㄱㅛㅇㅑㅇ
수염,ㅅㅜㅇㅕㅁ
외모,ㅇㅗㅣㅁㅗ
화재,ㅎㅗㅏㅈㅐ
고함,ㄱㅗㅎㅏㅁ
노선,ㄴㅗㅅㅓㄴ
독서,ㄷㅗㄱㅅㅓ
봉사,ㅂㅗㅇㅅㅏ
소형,ㅅㅗㅎㅕㅇ
안내,ㅇㅏㄴㄴㅐ
절대,ㅈㅓㄹㄷㅐ
접시,ㅈㅓㅂㅅㅣ
참가,ㅊㅏㅁㄱㅏ
추석,ㅊㅜㅅㅓㄱ
통로,ㅌㅗㅇㄹㅗ
포장,ㅍㅗㅈㅏㅇ
막내,ㅁㅏㄱㄴㅐ
방해,ㅂㅏㅇㅎㅐ
번호,ㅂㅓㄴㅎㅗ
악수,ㅇㅏㄱㅅㅜ
이중,ㅇㅣㅈㅜㅇ
자랑,ㅈㅏㄹㅏㅇ
타입,ㅌㅏㅇㅣㅂ
개별,ㄱㅐㅂㅕㄹ
보전,ㅂㅗㅈㅓㄴ
수박,ㅅㅜㅂㅏㄱ
아까,ㅇㅏㄱㄱㅏ
야단,ㅇㅑㄷㅏㄴ
우정,ㅇㅜㅈㅓㅇ
참조,ㅊㅏㅁㅈㅗ
향수,ㅎㅑㅇㅅㅜ
가입,ㄱㅏㅇㅣㅂ
과자,ㄱㅗㅏㅈㅏ
교체,ㄱㅛㅊㅓㅣ
꼬마,ㄱㄱㅗㅁㅏ
인하,ㅇㅣㄴㅎㅏ
주문,ㅈㅜㅁㅜㄴ
크림,ㅋㅡㄹㅣㅁ
구별,ㄱㅜㅂㅕㄹ
마약,ㅁㅏㅇㅑㄱ
본부,ㅂㅗㄴㅂㅜ
소용,ㅅㅗㅇㅛㅇ
수건,ㅅㅜㄱㅓㄴ
예비,ㅇㅕㅣㅂㅣ
초청,ㅊㅗㅊㅓㅇ
탁자,ㅌㅏㄱㅈㅏ
토끼,ㅌㅗㄱㄱㅣ
길가,ㄱㅣㄹㄱㅏ
난리,ㄴㅏㄴㄹㅣ
남매,ㄴㅏㅁㅁㅐ
보존,ㅂㅗㅈㅗㄴ
안주,ㅇㅏㄴㅈㅜ
열기,ㅇㅕㄹㄱㅣ
일치,ㅇㅣㄹㅊㅣ
재생,ㅈㅐㅅㅐㅇ
컬러,ㅋㅓㄹㄹㅓ
가짜,ㄱㅏㅈㅈㅏ
강도,ㄱㅏㅇㄷㅗ
기념,ㄱㅣㄴㅕㅁ
사위,ㅅㅏㅇㅜㅣ
입대,ㅇㅣㅂㄷㅐ
철도,ㅊㅓㄹㄷㅗ
태풍,ㅌㅐㅍㅜㅇ
홍수,ㅎㅗㅇㅅㅜ
가뭄,ㄱㅏㅁㅜㅁ
교직,ㄱㅛㅈㅣㄱ
미팅,ㅁㅣㅌㅣㅇ
생기,ㅅㅐㅇㄱㅣ
서적,ㅅㅓㅈㅓㄱ
소화,ㅅㅗㅎㅗㅏ
연애,ㅇㅕㄴㅇㅐ
연휴,ㅇㅕㄴㅎㅠ
자살,ㅈㅏㅅㅏㄹ
제시,ㅈㅓㅣㅅㅣ
타락,ㅌㅏㄹㅏㄱ
근래,ㄱㅡㄴㄹㅐ
내외,ㄴㅐㅇㅗㅣ
냄비,ㄴㅐㅁㅂㅣ
늑대,ㄴㅡㄱㄷㅐ
모범,ㅁㅗㅂㅓㅁ
상류,ㅅㅏㅇㄹㅠ
유명,ㅇㅠㅁㅕㅇ
유형,ㅇㅠㅎㅕㅇ
전후,ㅈㅓㄴㅎㅜ
폐지,ㅍㅕㅣㅈㅣ
해설,ㅎㅐㅅㅓㄹ
경비,ㄱㅕㅇㅂㅣ
도심,ㄷㅗㅅㅣㅁ
마찰,ㅁㅏㅊㅏㄹ
메뉴,ㅁㅓㅣㄴㅠ
미혼,ㅁㅣㅎㅗㄴ
영하,ㅇㅕㅇㅎㅏ
자정,ㅈㅏㅈㅓㅇ
최후,ㅊㅗㅣㅎㅜ
취재,ㅊㅜㅣㅈㅐ
테러,ㅌㅓㅣㄹㅓ
휴일,ㅎㅠㅇㅣㄹ
가난,ㄱㅏㄴㅏㄴ
가죽,ㄱㅏㅈㅜㄱ
다툼,ㄷㅏㅌㅜㅁ
대낮,ㄷㅐㄴㅏㅈ
사슴,ㅅㅏㅅㅡㅁ
소풍,ㅅㅗㅍㅜㅇ
전시,ㅈㅓㄴㅅㅣ
주한,ㅈㅜㅎㅏㄴ
포함,ㅍㅗㅎㅏㅁ
호남,ㅎㅗㄴㅏㅁ
감소,ㄱㅏㅁㅅㅗ
구입,ㄱㅜㅇㅣㅂ
낭비,ㄴㅏㅇㅂㅣ
라인,ㄹㅏㅇㅣㄴ
멸치,ㅁㅕㄹㅊㅣ
사상,ㅅㅏㅅㅏㅇ
서점,ㅅㅓㅈㅓㅁ
수집,ㅅㅜㅈㅣㅂ
수필,ㅅㅜㅍㅣㄹ
신비,ㅅㅣㄴㅂㅣ
지각,ㅈㅣㄱㅏㄱ
패션,ㅍㅐㅅㅕㄴ
고집,ㄱㅗㅈㅣㅂ
대접,ㄷㅐㅈㅓㅂ
부상,ㅂㅜㅅㅏㅇ
유산,ㅇㅠㅅㅏㄴ
채널,ㅊㅐㄴㅓㄹ
해답,ㅎㅐㄷㅏㅂ
경치,ㄱㅕㅇㅊㅣ
모집,ㅁㅗㅈㅣㅂ
보름,ㅂㅗㄹㅡㅁ
봉지,ㅂㅗㅇㅈㅣ
비상,ㅂㅣㅅㅏㅇ
세트,ㅅㅓㅣㅌㅡ
소망,ㅅㅗㅁㅏㅇ
여군,ㅇㅕㄱㅜㄴ
조절,ㅈㅗㅈㅓㄹ
콜라,ㅋㅗㄹㄹㅏ
강사,ㄱㅏㅇㅅㅏ
구청,ㄱㅜㅊㅓㅇ
기성,ㄱㅣㅅㅓㅇ
바퀴,ㅂㅏㅋㅜㅣ
번개,ㅂㅓㄴㄱㅐ
사망,ㅅㅏㅁㅏㅇ
시청,ㅅㅣㅊㅓㅇ
야간,ㅇㅑㄱㅏㄴ
오락,ㅇㅗㄹㅏㄱ
이슬,ㅇㅣㅅㅡㄹ
정지,ㅈㅓㅇㅈㅣ
조명,ㅈㅗㅁㅕㅇ
차선,ㅊㅏㅅㅓㄴ
각오,ㄱㅏㄱㅇㅗ
골프,ㄱㅗㄹㅍㅡ
국사,ㄱㅜㄱㅅㅏ
그간,ㄱㅡㄱㅏㄴ
기적,ㄱㅣㅈㅓㄱ
동서,ㄷㅗㅇㅅㅓ
말투,ㅁㅏㄹㅌㅜ
부친,ㅂㅜㅊㅣㄴ
암시,ㅇㅏㅁㅅㅣ
연주,ㅇㅕㄴㅈㅜ
음주,ㅇㅡㅁㅈㅜ
이별,ㅇㅣㅂㅕㄹ
인재,ㅇㅣㄴㅈㅐ
지급,ㅈㅣㄱㅡㅂ
차창,ㅊㅏㅊㅏㅇ
판사,ㅍㅏㄴㅅㅏ
허락,ㅎㅓㄹㅏㄱ
까치,ㄱㄱㅏㅊㅣ
로봇,ㄹㅗㅂㅗㅅ
버섯,ㅂㅓㅅㅓㅅ
보안,ㅂㅗㅇㅏㄴ
시일,ㅅㅣㅇㅣㄹ
시합,ㅅㅣㅎㅏㅂ
주름,ㅈㅜㄹㅡㅁ
중요,ㅈㅜㅇㅇㅛ
축하,ㅊㅜㄱㅎㅏ
취소,ㅊㅜㅣㅅㅗ
커튼,ㅋㅓㅌㅡㄴ
국수,ㄱㅜㄱㅅㅜ
그전,ㄱㅡㅈㅓㄴ
금고,ㄱㅡㅁㄱㅗ
미인,ㅁㅣㅇㅣㄴ
반지,ㅂㅏㄴㅈㅣ
본사,ㅂㅗㄴㅅㅏ
송이,ㅅㅗㅇㅇㅣ
수컷,ㅅㅜㅋㅓㅅ
식초,ㅅㅣㄱㅊㅗ
야외,ㅇㅑㅇㅗㅣ
잠바,ㅈㅏㅁㅂㅏ
장수,ㅈㅏㅇㅅㅜ
진로,ㅈㅣㄴㄹㅗ
초밥,ㅊㅗㅂㅏㅂ
출구,ㅊㅜㄹㄱㅜ
피망,ㅍㅣㅁㅏㅇ
가위,ㄱㅏㅇㅜㅣ
고속,ㄱㅗㅅㅗㄱ
골치,ㄱㅗㄹㅊㅣ
내달,ㄴㅐㄷㅏㄹ
문구,ㅁㅜㄴㄱㅜ
미만,ㅁㅣㅁㅏㄴ
소질,ㅅㅗㅈㅣㄹ
의류,ㅇㅡㅣㄹㅠ
장가,ㅈㅏㅇㄱㅏ
감사,ㄱㅏㅁㅅㅏ
두통,ㄷㅜㅌㅗㅇ
사냥,ㅅㅏㄴㅑㅇ
수년,ㅅㅜㄴㅕㄴ
숙소,ㅅㅜㄱㅅㅗ
위로,ㅇㅜㅣㄹㅗ
진료,ㅈㅣㄴㄹㅛ
창가,ㅊㅏㅇㄱㅏ
눈가,ㄴㅜㄴㄱㅏ
도망,ㄷㅗㅁㅏㅇ
세수,ㅅㅓㅣㅅㅜ
찌개,ㅈㅈㅣㄱㅐ
추천,ㅊㅜㅊㅓㄴ
매일,ㅁㅐㅇㅣㄹ
서명,ㅅㅓㅁㅕㅇ
자취,ㅈㅏㅊㅜㅣ
지진,ㅈㅣㅈㅣㄴ
창구,ㅊㅏㅇㄱㅜ
최저,ㅊㅗㅣㅈㅓ
필수,ㅍㅣㄹㅅㅜ
하품,ㅎㅏㅍㅜㅁ
가능,ㄱㅏㄴㅡㅇ
교문,ㄱㅛㅁㅜㄴ
잔디,ㅈㅏㄴㄷㅣ
조깅,ㅈㅗㄱㅣㅇ
터널,ㅌㅓㄴㅓㄹ
교복,ㄱㅛㅂㅗㄱ
메모,ㅁㅓㅣㅁㅗ
몸매,ㅁㅗㅁㅁㅐ
배달,ㅂㅐㄷㅏㄹ
서랍,ㅅㅓㄹㅏㅂ
이혼,ㅇㅣㅎㅗㄴ
차남,ㅊㅏㄴㅏㅁ
채점,ㅊㅐㅈㅓㅁ
팬티,ㅍㅐㄴㅌㅣ
귀가,ㄱㅜㅣㄱㅏ
기침,ㄱㅣㅊㅣㅁ
미움,ㅁㅣㅇㅜㅁ
습기,ㅅㅡㅂㄱㅣ
엽서,ㅇㅕㅂㅅㅓ
예보,ㅇㅕㅣㅂㅗ
요일,ㅇㅛㅇㅣㄹ
장마,ㅈㅏㅇㅁㅏ
재학,ㅈㅐㅎㅏㄱ
치약,ㅊㅣㅇㅑㄱ
후회,ㅎㅜㅎㅗㅣ
강조,ㄱㅏㅇㅈㅗ
내적,ㄴㅐㅈㅓㄱ
밤새,ㅂㅏㅁㅅㅐ
저번,ㅈㅓㅂㅓㄴ
정오,ㅈㅓㅇㅇㅗ
추측,ㅊㅜㅊㅡㄱ
충고,ㅊㅜㅇㄱㅗ
간호,ㄱㅏㄴㅎㅗ
건너,ㄱㅓㄴㄴㅓ
국기,ㄱㅜㄱㄱㅣ
대입,ㄷㅐㅇㅣㅂ
복사,ㅂㅗㄱㅅㅏ
식기,ㅅㅣㄱㄱㅣ
안부,ㅇㅏㄴㅂㅜ
양주,ㅇㅑㅇㅈㅜ
용서,ㅇㅛㅇㅅㅓ
우편,ㅇㅜㅍㅕㄴ
공주,ㄱㅗㅇㅈㅜ
달러,ㄷㅏㄹㄹㅓ
박스,ㅂㅏㄱㅅㅡ
베개,ㅂㅓㅣㄱㅐ
입사,ㅇㅣㅂㅅㅏ
걷기,ㄱㅓㄷㄱㅣ
근교,ㄱㅡㄴㄱㅛ
마중,ㅁㅏㅈㅜㅇ
버튼,ㅂㅓㅌㅡㄴ
비만,ㅂㅣㅁㅏㄴ
샤워,ㅅㅑㅇㅜㅓ
신사,ㅅㅣㄴㅅㅏ
오븐,ㅇㅗㅂㅡㄴ
저울,ㅈㅓㅇㅜㄹ
지폐,ㅈㅣㅍㅕㅣ
치과,ㅊㅣㄱㅗㅏ
담요,ㄷㅏㅁㅇㅛ
도착,ㄷㅗㅊㅏㄱ
레저,ㄹㅓㅣㅈㅓ
상추,ㅅㅏㅇㅊㅜ
쇼핑,ㅅㅛㅍㅣㅇ
시외,ㅅㅣㅇㅗㅣ
약수,ㅇㅑㄱㅅㅜ
양보,ㅇㅑㅇㅂㅗ
천재,ㅊㅓㄴㅈㅐ
피곤,ㅍㅣㄱㅗㄴ
학비,ㅎㅏㄱㅂㅣ
번지,ㅂㅓㄴㅈㅣ
사립,ㅅㅏㄹㅣㅂ
석사,ㅅㅓㄱㅅㅏ
숙녀,ㅅㅜㄱㄴㅕ
시댁,ㅅㅣㄷㅐㄱ
전구,ㅈㅓㄴㄱㅜ
카레,ㅋㅏㄹㅓㅣ
해물,ㅎㅐㅁㅜㄹ
교외,ㄱㅛㅇㅗㅣ
농구,ㄴㅗㅇㄱㅜ
세로,ㅅㅓㅣㄹㅗ
이민,ㅇㅣㅁㅣㄴ
지능,ㅈㅣㄴㅡㅇ
호실,ㅎㅗㅅㅣㄹ
내과,ㄴㅐㄱㅗㅏ
인도,ㅇㅣㄴㄷㅗ
탁구,ㅌㅏㄱㄱㅜ
나흘,ㄴㅏㅎㅡㄹ
장모,ㅈㅏㅇㅁㅗ
고궁,ㄱㅗㄱㅜㅇ
단추,ㄷㅏㄴㅊㅜ
미역,ㅁㅣㅇㅕㄱ
손녀,ㅅㅗㄴㄴㅕ
초순,ㅊㅗㅅㅜㄴ
하순,ㅎㅏㅅㅜㄴ
갈비,ㄱㅏㄹㅂㅣ
기혼,ㄱㅣㅎㅗㄴ
도장,ㄷㅗㅈㅏㅇ
모레,ㅁㅗㄹㅓㅣ
장미,ㅈㅏㅇㅁㅣ
닷새,ㄷㅏㅅㅅㅐ
최소,ㅊㅗㅣㅅㅗ
홍차,ㅎㅗㅇㅊㅏ
녹차,ㄴㅗㄱㅊㅏ
만두,ㅁㅏㄴㄷㅜ
팩스,ㅍㅐㄱㅅㅡ
형수,ㅎㅕㅇㅅㅜ
사탕,ㅅㅏㅌㅏㅇ
