단어,키열,source
까다,ㄱㄱㅏㄷㅏ,krdict
까지,ㄱㄱㅏㅈㅣ,krdict
까치,ㄱㄱㅏㅊㅣ,candidates
깽,ㄱㄱㅏㅣㅇ,krdict
꼬다,ㄱㄱㅗㄷㅏ,krdict
꼬리,ㄱㄱㅗㄹㅣ,candidates
꼬마,ㄱㄱㅗㅁㅏ,candidates
꼬치,ㄱㄱㅗㅊㅣ,krdict
꽉,ㄱㄱㅗㅏㄱ,krdict
꽝,ㄱㄱㅗㅏㅇ,krdict
꽤,ㄱㄱㅗㅏㅣ,krdict
꾐,ㄱㄱㅗㅣㅁ,krdict
꾸다,ㄱㄱㅜㄷㅏ,krdict
꿩,ㄱㄱㅜㅓㅇ,krdict
끄다,ㄱㄱㅡㄷㅏ,krdict
끼니,ㄱㄱㅣㄴㅣ,krdict
끼다,ㄱㄱㅣㄷㅏ,krdict
각고,ㄱㅏㄱㄱㅗ,krdict
각기,ㄱㅏㄱㄱㅣ,krdict
각도,ㄱㅏㄱㄷㅗ,krdict
각료,ㄱㅏㄱㄹㅛ,krdict
각부,ㄱㅏㄱㅂㅜ,krdict
각서,ㄱㅏㄱㅅㅓ,krdict
각시,ㄱㅏㄱㅅㅣ,krdict
각오,ㄱㅏㄱㅇㅗ,candidates
각자,ㄱㅏㄱㅈㅏ,candidates
각주,ㄱㅏㄱㅈㅜ,krdict
각지,ㄱㅏㄱㅈㅣ,krdict
각처,ㄱㅏㄱㅊㅓ,krdict
각파,ㄱㅏㄱㅍㅏ,krdict
각하,ㄱㅏㄱㅎㅏ,krdict
가감,ㄱㅏㄱㅏㅁ,krdict
가게,ㄱㅏㄱㅓㅣ,candidates
가격,ㄱㅏㄱㅕㄱ,candidates
가결,ㄱㅏㄱㅕㄹ,krdict
가계,ㄱㅏㄱㅕㅣ,krdict
가곡,ㄱㅏㄱㅗㄱ,krdict
가공,ㄱㅏㄱㅗㅇ,krdict
가극,ㄱㅏㄱㅡㄱ,krdict
간교,ㄱㅏㄴㄱㅛ,krdict
간부,ㄱㅏㄴㅂㅜ,candidates
간사,ㄱㅏㄴㅅㅏ,krdict
간수,ㄱㅏㄴㅅㅜ,krdict
간여,ㄱㅏㄴㅇㅕ,krdict
간이,ㄱㅏㄴㅇㅣ,krdict
간조,ㄱㅏㄴㅈㅗ,krdict
간주,ㄱㅏㄴㅈㅜ,krdict
간지,ㄱㅏㄴㅈㅣ,krdict
간파,ㄱㅏㄴㅍㅏ,krdict
간호,ㄱㅏㄴㅎㅗ,candidates
가난,ㄱㅏㄴㅏㄴ,candidates
가늠,ㄱㅏㄴㅡㅁ,krdict
가능,ㄱㅏㄴㅡㅇ,candidates
가닥,ㄱㅏㄷㅏㄱ,krdict
가담,ㄱㅏㄷㅏㅁ,krdict
가동,ㄱㅏㄷㅗㅇ,krdict
가득,ㄱㅏㄷㅡㄱ,krdict
갈구,ㄱㅏㄹㄱㅜ,krdict
갈기,ㄱㅏㄹㄱㅣ,krdict
갈다,ㄱㅏㄹㄷㅏ,krdict
갈비,ㄱㅏㄹㅂㅣ,candidates
갈이,ㄱㅏㄹㅇㅣ,krdict
갈치,ㄱㅏㄹㅊㅣ,krdict
갈피,ㄱㅏㄹㅍㅣ,krdict
가락,ㄱㅏㄹㅏㄱ,krdict
가래,ㄱㅏㄹㅏㅣ,krdict
가량,ㄱㅏㄹㅑㅇ,krdict
가령,ㄱㅏㄹㅕㅇ,krdict
가름,ㄱㅏㄹㅡㅁ,krdict
감기,ㄱㅏㅁㄱㅣ,candidates
감다,ㄱㅏㅁㄷㅏ,krdict
감도,ㄱㅏㅁㄷㅗ,krdict
감리,ㄱㅏㅁㄹㅣ,krdict
감사,ㄱㅏㅁㅅㅏ,candidates
감소,ㄱㅏㅁㅅㅗ,candidates
감수,ㄱㅏㅁㅅㅜ,krdict
감시,ㄱㅏㅁㅅㅣ,krdict
감자,ㄱㅏㅁㅈㅏ,candidates
감주,ㄱㅏㅁㅈㅜ,krdict
감지,ㄱㅏㅁㅈㅣ,krdict
감초,ㄱㅏㅁㅊㅗ,krdict
감투,ㄱㅏㅁㅌㅜ,krdict
감호,ㄱㅏㅁㅎㅗ,krdict
감히,ㄱㅏㅁㅎㅣ,krdict
가만,ㄱㅏㅁㅏㄴ,krdict
가망,ㄱㅏㅁㅏㅇ,krdict
가면,ㄱㅏㅁㅕㄴ,krdict
가명,ㄱㅏㅁㅕㅇ,krdict
가문,ㄱㅏㅁㅜㄴ,krdict
가뭄,ㄱㅏㅁㅜㅁ,candidates
갑부,ㄱㅏㅂㅂㅜ,krdict
갑주,ㄱㅏㅂㅈㅜ,krdict
가발,ㄱㅏㅂㅏㄹ,krdict
가방,ㄱㅏㅂㅏㅇ,candidates
가법,ㄱㅏㅂㅓㅂ,krdict
가변,ㄱㅏㅂㅕㄴ,krdict
가봉,ㄱㅏㅂㅗㅇ,krdict
가불,ㄱㅏㅂㅜㄹ,krdict
가산,ㄱㅏㅅㅏㄴ,krdict
가상,ㄱㅏㅅㅏㅇ,candidates
가설,ㄱㅏㅅㅓㄹ,krdict
가성,ㄱㅏㅅㅓㅇ,krdict
가세,ㄱㅏㅅㅓㅣ,krdict
가속,ㄱㅏㅅㅗㄱ,krdict
가슴,ㄱㅏㅅㅡㅁ,candidates
가습,ㄱㅏㅅㅡㅂ,krdict
가식,ㄱㅏㅅㅣㄱ,krdict
가십,ㄱㅏㅅㅣㅂ,krdict
강가,ㄱㅏㅇㄱㅏ,krdict
강구,ㄱㅏㅇㄱㅜ,krdict
강도,ㄱㅏㅇㄷㅗ,candidates
강보,ㄱㅏㅇㅂㅗ,krdict
강사,ㄱㅏㅇㅅㅏ,candidates
강수,ㄱㅏㅇㅅㅜ,krdict
강시,ㄱㅏㅇㅅㅣ,krdict
강요,ㄱㅏㅇㅇㅛ,krdict
강우,ㄱㅏㅇㅇㅜ,krdict
강자,ㄱㅏㅇㅈㅏ,krdict
강조,ㄱㅏㅇㅈㅗ,candidates
강추,ㄱㅏㅇㅊㅜ,krdict
강타,ㄱㅏㅇㅌㅏ,krdict
강토,ㄱㅏㅇㅌㅗ,krdict
강하,ㄱㅏㅇㅎㅏ,krdict
강호,ㄱㅏㅇㅎㅗ,krdict
가업,ㄱㅏㅇㅓㅂ,krdict
가열,ㄱㅏㅇㅕㄹ,krdict
가옥,ㄱㅏㅇㅗㄱ,krdict
가외,ㄱㅏㅇㅗㅣ,krdict
가용,ㄱㅏㅇㅛㅇ,krdict
가운,ㄱㅏㅇㅜㄴ,krdict
가위,ㄱㅏㅇㅜㅣ,candidates
가을,ㄱㅏㅇㅡㄹ,candidates
가입,ㄱㅏㅇㅣㅂ,candidates
갖다,ㄱㅏㅈㄷㅏ,krdict
가짜,ㄱㅏㅈㅈㅏ,candidates
가작,ㄱㅏㅈㅏㄱ,krdict
가장,ㄱㅏㅈㅏㅇ,candidates
가재,ㄱㅏㅈㅏㅣ,krdict
가전,ㄱㅏㅈㅓㄴ,krdict
가점,ㄱㅏㅈㅓㅁ,krdict
가정,ㄱㅏㅈㅓㅇ,candidates
가제,ㄱㅏㅈㅓㅣ,krdict
가족,ㄱㅏㅈㅗㄱ,candidates
가죽,ㄱㅏㅈㅜㄱ,candidates
가중,ㄱㅏㅈㅜㅇ,krdict
가창,ㄱㅏㅊㅏㅇ,krdict
가축,ㄱㅏㅊㅜㄱ,krdict
가출,ㄱㅏㅊㅜㄹ,krdict
가친,ㄱㅏㅊㅣㄴ,krdict
가칭,ㄱㅏㅊㅣㅇ,krdict
같다,ㄱㅏㅌㄷㅏ,krdict
같이,ㄱㅏㅌㅇㅣ,krdict
가탈,ㄱㅏㅌㅏㄹ,krdict
가통,ㄱㅏㅌㅗㅇ,krdict
갚다,ㄱㅏㅍㄷㅏ,krdict
가판,ㄱㅏㅍㅏㄴ,krdict
가풍,ㄱㅏㅍㅜㅇ,krdict
가필,ㄱㅏㅍㅣㄹ,krdict
가학,ㄱㅏㅎㅏㄱ,krdict
가해,ㄱㅏㅎㅏㅣ,krdict
가훈,ㄱㅏㅎㅜㄴ,krdict
개가,ㄱㅏㅣㄱㅏ,krdict
개교,ㄱㅏㅣㄱㅛ,krdict
개그,ㄱㅏㅣㄱㅡ,krdict
개다,ㄱㅏㅣㄷㅏ,krdict
개미,ㄱㅏㅣㅁㅣ,candidates
개비,ㄱㅏㅣㅂㅣ,krdict
개소,ㄱㅏㅣㅅㅗ,krdict
개수,ㄱㅏㅣㅅㅜ,krdict
개시,ㄱㅏㅣㅅㅣ,krdict
개요,ㄱㅏㅣㅇㅛ,krdict
개조,ㄱㅏㅣㅈㅗ,krdict
개표,ㄱㅏㅣㅍㅛ,krdict
갸웃,ㄱㅑㅇㅜㅅ,krdict
거개,ㄱㅓㄱㅏㅣ,krdict
거국,ㄱㅓㄱㅜㄱ,krdict
거금,ㄱㅓㄱㅡㅁ,krdict
건기,ㄱㅓㄴㄱㅣ,krdict
건너,ㄱㅓㄴㄴㅓ,candidates
건사,ㄱㅓㄴㅅㅏ,krdict
건수,ㄱㅓㄴㅅㅜ,krdict
건아,ㄱㅓㄴㅇㅏ,krdict
건조,ㄱㅓㄴㅈㅗ,candidates
건초,ㄱㅓㄴㅊㅗ,krdict
건투,ㄱㅓㄴㅌㅜ,krdict
걷기,ㄱㅓㄷㄱㅣ,candidates
걷다,ㄱㅓㄷㄷㅏ,krdict
거대,ㄱㅓㄷㅏㅣ,krdict
거덜,ㄱㅓㄷㅓㄹ,krdict
거동,ㄱㅓㄷㅗㅇ,krdict
거들,ㄱㅓㄷㅡㄹ,krdict
거듭,ㄱㅓㄷㅡㅂ,krdict
걸다,ㄱㅓㄹㄷㅏ,krdict
거래,ㄱㅓㄹㅏㅣ,krdict
거론,ㄱㅓㄹㅗㄴ,krdict
거름,ㄱㅓㄹㅡㅁ,krdict
검거,ㄱㅓㅁㄱㅓ,krdict
검다,ㄱㅓㅁㄷㅏ,krdict
검도,ㄱㅓㅁㄷㅗ,krdict
검무,ㄱㅓㅁㅁㅜ,krdict
검사,ㄱㅓㅁㅅㅏ,candidates
검소,ㄱㅓㅁㅅㅗ,krdict
검시,ㄱㅓㅁㅅㅣ,krdict
검지,ㄱㅓㅁㅈㅣ,krdict
검토,ㄱㅓㅁㅌㅗ,candidates
검표,ㄱㅓㅁㅍㅛ,krdict
거만,ㄱㅓㅁㅏㄴ,krdict
거명,ㄱㅓㅁㅕㅇ,krdict
거목,ㄱㅓㅁㅗㄱ,krdict
거물,ㄱㅓㅁㅜㄹ,krdict
겁보,ㄱㅓㅂㅂㅗ,krdict
거봉,ㄱㅓㅂㅗㅇ,krdict
거봐,ㄱㅓㅂㅗㅏ,krdict
거북,ㄱㅓㅂㅜㄱ,krdict
거상,ㄱㅓㅅㅏㅇ,krdict
거성,ㄱㅓㅅㅓㅇ,krdict
거세,ㄱㅓㅅㅓㅣ,krdict
거실,ㄱㅓㅅㅣㄹ,candidates
거역,ㄱㅓㅇㅕㄱ,krdict
거울,ㄱㅓㅇㅜㄹ,candidates
거웃,ㄱㅓㅇㅜㅅ,krdict
거위,ㄱㅓㅇㅜㅣ,krdict
거의,ㄱㅓㅇㅡㅣ,krdict
거인,ㄱㅓㅇㅣㄴ,krdict
거장,ㄱㅓㅈㅏㅇ,krdict
거적,ㄱㅓㅈㅓㄱ,krdict
거절,ㄱㅓㅈㅓㄹ,krdict
거점,ㄱㅓㅈㅓㅁ,krdict
거죽,ㄱㅓㅈㅜㄱ,krdict
거짓,ㄱㅓㅈㅣㅅ,candidates
거참,ㄱㅓㅊㅏㅁ,krdict
거취,ㄱㅓㅊㅜㅣ,krdict
거품,ㄱㅓㅍㅜㅁ,candidates
게다,ㄱㅓㅣㄷㅏ,krdict
게로,ㄱㅓㅣㄹㅗ,krdict
게서,ㄱㅓㅣㅅㅓ,krdict
게시,ㄱㅓㅣㅅㅣ,krdict
격노,ㄱㅕㄱㄴㅗ,krdict
격려,ㄱㅕㄱㄹㅕ,krdict
격리,ㄱㅕㄱㄹㅣ,krdict
격무,ㄱㅕㄱㅁㅜ,krdict
격자,ㄱㅕㄱㅈㅏ,krdict
격조,ㄱㅕㄱㅈㅗ,krdict
격주,ㄱㅕㄱㅈㅜ,krdict
격차,ㄱㅕㄱㅊㅏ,krdict
격추,ㄱㅕㄱㅊㅜ,krdict
격투,ㄱㅕㄱㅌㅜ,krdict
격파,ㄱㅕㄱㅍㅏ,krdict
격하,ㄱㅕㄱㅎㅏ,krdict
견사,ㄱㅕㄴㅅㅏ,krdict
견우,ㄱㅕㄴㅇㅜ,krdict
견지,ㄱㅕㄴㅈㅣ,krdict
겨냥,ㄱㅕㄴㅑㅇ,krdict
결구,ㄱㅕㄹㄱㅜ,krdict
결부,ㄱㅕㄹㅂㅜ,krdict
결사,ㄱㅕㄹㅅㅏ,krdict
결여,ㄱㅕㄹㅇㅕ,krdict
결코,ㄱㅕㄹㅋㅗ,krdict
결투,ㄱㅕㄹㅌㅜ,krdict
겨레,ㄱㅕㄹㅓㅣ,krdict
겨룸,ㄱㅕㄹㅜㅁ,krdict
겨를,ㄱㅕㄹㅡㄹ,krdict
겸비,ㄱㅕㅁㅂㅣ,krdict
겸사,ㄱㅕㅁㅅㅏ,krdict
겸허,ㄱㅕㅁㅎㅓ,krdict
겹다,ㄱㅕㅂㄷㅏ,krdict
경고,ㄱㅕㅇㄱㅗ,candidates
경구,ㄱㅕㅇㄱㅜ,krdict
경기,ㄱㅕㅇㄱㅣ,candidates
경도,ㄱㅕㅇㄷㅗ,krdict
경로,ㄱㅕㅇㄹㅗ,krdict
경리,ㄱㅕㅇㄹㅣ,krdict
경마,ㄱㅕㅇㅁㅏ,krdict
경보,ㄱㅕㅇㅂㅗ,krdict
경비,ㄱㅕㅇㅂㅣ,candidates
경사,ㄱㅕㅇㅅㅏ,krdict
경서,ㄱㅕㅇㅅㅓ,krdict
경시,ㄱㅕㅇㅅㅣ,krdict
경어,ㄱㅕㅇㅇㅓ,krdict
경우,ㄱㅕㅇㅇㅜ,candidates
경유,ㄱㅕㅇㅇㅠ,krdict
경이,ㄱㅕㅇㅇㅣ,krdict
경조,ㄱㅕㅇㅈㅗ,krdict
경주,ㄱㅕㅇㅈㅜ,krdict
경지,ㄱㅕㅇㅈㅣ,krdict
경차,ㄱㅕㅇㅊㅏ,krdict
경추,ㄱㅕㅇㅊㅜ,krdict
경치,ㄱㅕㅇㅊㅣ,candidates
경호,ㄱㅕㅇㅎㅗ,krdict
겨울,ㄱㅕㅇㅜㄹ,candidates
계교,ㄱㅕㅣㄱㅛ,krdict
계기,ㄱㅕㅣㄱㅣ,krdict
계도,ㄱㅕㅣㄷㅗ,krdict
계모,ㄱㅕㅣㅁㅗ,krdict
계보,ㄱㅕㅣㅂㅗ,krdict
계부,ㄱㅕㅣㅂㅜ,krdict
계수,ㄱㅕㅣㅅㅜ,krdict
계시,ㄱㅕㅣㅅㅣ,krdict
계주,ㄱㅕㅣㅈㅜ,krdict
계파,ㄱㅕㅣㅍㅏ,krdict
계피,ㄱㅕㅣㅍㅣ,krdict
곡기,ㄱㅗㄱㄱㅣ,krdict
곡류,ㄱㅗㄱㄹㅠ,krdict
곡우,ㄱㅗㄱㅇㅜ,krdict
곡조,ㄱㅗㄱㅈㅗ,krdict
곡주,ㄱㅗㄱㅈㅜ,krdict
고갈,ㄱㅗㄱㅏㄹ,krdict
고개,ㄱㅗㄱㅏㅣ,candidates
고것,ㄱㅗㄱㅓㅅ,krdict
고견,ㄱㅗㄱㅕㄴ,krdict
고공,ㄱㅗㄱㅗㅇ,krdict
고국,ㄱㅗㄱㅜㄱ,krdict
고궁,ㄱㅗㄱㅜㅇ,candidates
고귀,ㄱㅗㄱㅜㅣ,krdict
고글,ㄱㅗㄱㅡㄹ,krdict
고금,ㄱㅗㄱㅡㅁ,krdict
고급,ㄱㅗㄱㅡㅂ,candidates
곤지,ㄱㅗㄴㅈㅣ,krdict
곤히,ㄱㅗㄴㅎㅣ,krdict
고난,ㄱㅗㄴㅏㄴ,krdict
고뇌,ㄱㅗㄴㅗㅣ,krdict
곧다,ㄱㅗㄷㄷㅏ,krdict
곧추,ㄱㅗㄷㅊㅜ,krdict
고담,ㄱㅗㄷㅏㅁ,krdict
고대,ㄱㅗㄷㅏㅣ,krdict
고독,ㄱㅗㄷㅗㄱ,krdict
고동,ㄱㅗㄷㅗㅇ,krdict
고둥,ㄱㅗㄷㅜㅇ,krdict
고등,ㄱㅗㄷㅡㅇ,krdict
고딕,ㄱㅗㄷㅣㄱ,krdict
골다,ㄱㅗㄹㄷㅏ,krdict
골무,ㄱㅗㄹㅁㅜ,krdict
골수,ㄱㅗㄹㅅㅜ,krdict
골자,ㄱㅗㄹㅈㅏ,krdict
골조,ㄱㅗㄹㅈㅗ,krdict
골초,ㄱㅗㄹㅊㅗ,krdict
골치,ㄱㅗㄹㅊㅣ,candidates
골퍼,ㄱㅗㄹㅍㅓ,krdict
골프,ㄱㅗㄹㅍㅡ,candidates
고락,ㄱㅗㄹㅏㄱ,krdict
고랑,ㄱㅗㄹㅏㅇ,krdict
고래,ㄱㅗㄹㅏㅣ,krdict
고런,ㄱㅗㄹㅓㄴ,krdict
고럼,ㄱㅗㄹㅓㅁ,krdict
고령,ㄱㅗㄹㅕㅇ,krdict
고름,ㄱㅗㄹㅡㅁ,krdict
고립,ㄱㅗㄹㅣㅂ,krdict
곰보,ㄱㅗㅁㅂㅗ,krdict
고막,ㄱㅗㅁㅏㄱ,krdict
고만,ㄱㅗㅁㅏㄴ,krdict
고명,ㄱㅗㅁㅕㅇ,krdict
고목,ㄱㅗㅁㅗㄱ,krdict
고문,ㄱㅗㅁㅜㄴ,krdict
고물,ㄱㅗㅁㅜㄹ,krdict
고민,ㄱㅗㅁㅣㄴ,candidates
곱다,ㄱㅗㅂㄷㅏ,krdict
고삐,ㄱㅗㅂㅂㅣ,krdict
곱자,ㄱㅗㅂㅈㅏ,krdict
고발,ㄱㅗㅂㅏㄹ,krdict
고배,ㄱㅗㅂㅏㅣ,krdict
고별,ㄱㅗㅂㅕㄹ,krdict
고봉,ㄱㅗㅂㅗㅇ,krdict
고분,ㄱㅗㅂㅜㄴ,krdict
고산,ㄱㅗㅅㅏㄴ,krdict
고새,ㄱㅗㅅㅏㅣ,krdict
고성,ㄱㅗㅅㅓㅇ,krdict
고속,ㄱㅗㅅㅗㄱ,candidates
고승,ㄱㅗㅅㅡㅇ,krdict
고심,ㄱㅗㅅㅣㅁ,krdict
공고,ㄱㅗㅇㄱㅗ,krdict
공구,ㄱㅗㅇㄱㅜ,krdict
공기,ㄱㅗㅇㄱㅣ,candidates
공로,ㄱㅗㅇㄹㅗ,krdict
공리,ㄱㅗㅇㄹㅣ,krdict
공모,ㄱㅗㅇㅁㅗ,krdict
공무,ㄱㅗㅇㅁㅜ,krdict
공보,ㄱㅗㅇㅂㅗ,krdict
공부,ㄱㅗㅇㅂㅜ,candidates
공비,ㄱㅗㅇㅂㅣ,krdict
공사,ㄱㅗㅇㅅㅏ,candidates
공소,ㄱㅗㅇㅅㅗ,krdict
공수,ㄱㅗㅇㅅㅜ,krdict
공시,ㄱㅗㅇㅅㅣ,krdict
공여,ㄱㅗㅇㅇㅕ,krdict
공유,ㄱㅗㅇㅇㅠ,krdict
공자,ㄱㅗㅇㅈㅏ,krdict
공저,ㄱㅗㅇㅈㅓ,krdict
공조,ㄱㅗㅇㅈㅗ,krdict
공주,ㄱㅗㅇㅈㅜ,candidates
공지,ㄱㅗㅇㅈㅣ,krdict
공터,ㄱㅗㅇㅌㅓ,krdict
공포,ㄱㅗㅇㅍㅗ,candidates
공표,ㄱㅗㅇㅍㅛ,krdict
공허,ㄱㅗㅇㅎㅓ,krdict
공히,ㄱㅗㅇㅎㅣ,krdict
고안,ㄱㅗㅇㅏㄴ,krdict
고압,ㄱㅗㅇㅏㅂ,krdict
고약,ㄱㅗㅇㅑㄱ,krdict
고얀,ㄱㅗㅇㅑㄴ,krdict
고양,ㄱㅗㅇㅑㅇ,krdict
고역,ㄱㅗㅇㅕㄱ,krdict
고열,ㄱㅗㅇㅕㄹ,krdict
고온,ㄱㅗㅇㅗㄴ,krdict
고용,ㄱㅗㅇㅛㅇ,krdict
고위,ㄱㅗㅇㅜㅣ,krdict
고을,ㄱㅗㅇㅡㄹ,krdict
고음,ㄱㅗㅇㅡㅁ,krdict
고의,ㄱㅗㅇㅡㅣ,krdict
고인,ㄱㅗㅇㅣㄴ,krdict
고입,ㄱㅗㅇㅣㅂ,krdict
고작,ㄱㅗㅈㅏㄱ,krdict
고장,ㄱㅗㅈㅏㅇ,candidates
고적,ㄱㅗㅈㅓㄱ,krdict
고전,ㄱㅗㅈㅓㄴ,candidates
고정,ㄱㅗㅈㅓㅇ,krdict
고졸,ㄱㅗㅈㅗㄹ,krdict
고종,ㄱㅗㅈㅗㅇ,krdict
고증,ㄱㅗㅈㅡㅇ,krdict
고질,ㄱㅗㅈㅣㄹ,krdict
고집,ㄱㅗㅈㅣㅂ,candidates
고착,ㄱㅗㅊㅏㄱ,krdict
고찰,ㄱㅗㅊㅏㄹ,krdict
고참,ㄱㅗㅊㅏㅁ,krdict
고철,ㄱㅗㅊㅓㄹ,krdict
고체,ㄱㅗㅊㅓㅣ,krdict
고충,ㄱㅗㅊㅜㅇ,krdict
고취,ㄱㅗㅊㅜㅣ,krdict
고층,ㄱㅗㅊㅡㅇ,krdict
고통,ㄱㅗㅌㅗㅇ,candidates
고풍,ㄱㅗㅍㅜㅇ,krdict
고학,ㄱㅗㅎㅏㄱ,krdict
고함,ㄱㅗㅎㅏㅁ,candidates
고해,ㄱㅗㅎㅏㅣ,krdict
고향,ㄱㅗㅎㅑㅇ,candidates
고혈,ㄱㅗㅎㅕㄹ,krdict
고형,ㄱㅗㅎㅕㅇ,krdict
고희,ㄱㅗㅎㅡㅣ,krdict
과거,ㄱㅗㅏㄱㅓ,candidates
과다,ㄱㅗㅏㄷㅏ,krdict
과도,ㄱㅗㅏㄷㅗ,krdict
과로,ㄱㅗㅏㄹㅗ,krdict
과료,ㄱㅗㅏㄹㅛ,krdict
과부,ㄱㅗㅏㅂㅜ,krdict
과소,ㄱㅗㅏㅅㅗ,krdict
과수,ㄱㅗㅏㅅㅜ,krdict
과시,ㄱㅗㅏㅅㅣ,krdict
과오,ㄱㅗㅏㅇㅗ,krdict
과자,ㄱㅗㅏㅈㅏ,candidates
과히,ㄱㅗㅏㅎㅣ,krdict
괴기,ㄱㅗㅣㄱㅣ,krdict
괴다,ㄱㅗㅣㄷㅏ,krdict
괴리,ㄱㅗㅣㄹㅣ,krdict
괴수,ㄱㅗㅣㅅㅜ,krdict
교각,ㄱㅛㄱㅏㄱ,krdict
교감,ㄱㅛㄱㅏㅁ,krdict
교과,ㄱㅛㄱㅗㅏ,krdict
교내,ㄱㅛㄴㅏㅣ,candidates
교단,ㄱㅛㄷㅏㄴ,krdict
교대,ㄱㅛㄷㅏㅣ,candidates
교란,ㄱㅛㄹㅏㄴ,krdict
교량,ㄱㅛㄹㅑㅇ,krdict
교련,ㄱㅛㄹㅕㄴ,krdict
교만,ㄱㅛㅁㅏㄴ,krdict
교목,ㄱㅛㅁㅗㄱ,krdict
교문,ㄱㅛㅁㅜㄴ,candidates
교민,ㄱㅛㅁㅣㄴ,krdict
교배,ㄱㅛㅂㅏㅣ,krdict
교범,ㄱㅛㅂㅓㅁ,krdict
교복,ㄱㅛㅂㅗㄱ,candidates
교본,ㄱㅛㅂㅗㄴ,krdict
교분,ㄱㅛㅂㅜㄴ,krdict
교살,ㄱㅛㅅㅏㄹ,krdict
교섭,ㄱㅛㅅㅓㅂ,krdict
교성,ㄱㅛㅅㅓㅇ,krdict
교세,ㄱㅛㅅㅓㅣ,krdict
교습,ㄱㅛㅅㅡㅂ,krdict
교신,ㄱㅛㅅㅣㄴ,krdict
교실,ㄱㅛㅅㅣㄹ,candidates
교안,ㄱㅛㅇㅏㄴ,krdict
교양,ㄱㅛㅇㅑㅇ,candidates
교언,ㄱㅛㅇㅓㄴ,krdict
교역,ㄱㅛㅇㅕㄱ,krdict
교열,ㄱㅛㅇㅕㄹ,krdict
교외,ㄱㅛㅇㅗㅣ,candidates
교육,ㄱㅛㅇㅠㄱ,candidates
교인,ㄱㅛㅇㅣㄴ,krdict
교장,ㄱㅛㅈㅏㅇ,candidates
교재,ㄱㅛㅈㅏㅣ,candidates
교전,ㄱㅛㅈㅓㄴ,krdict
교접,ㄱㅛㅈㅓㅂ,krdict
교정,ㄱㅛㅈㅓㅇ,krdict
교제,ㄱㅛㅈㅓㅣ,krdict
교직,ㄱㅛㅈㅣㄱ,candidates
교착,ㄱㅛㅊㅏㄱ,krdict
교체,ㄱㅛㅊㅓㅣ,candidates
교칙,ㄱㅛㅊㅣㄱ,krdict
교탁,ㄱㅛㅌㅏㄱ,krdict
교태,ㄱㅛㅌㅏㅣ,krdict
교통,ㄱㅛㅌㅗㅇ,candidates
교편,ㄱㅛㅍㅕㄴ,krdict
교합,ㄱㅛㅎㅏㅂ,krdict
교화,ㄱㅛㅎㅗㅏ,krdict
교회,ㄱㅛㅎㅗㅣ,candidates
교훈,ㄱㅛㅎㅜㄴ,candidates
국가,ㄱㅜㄱㄱㅏ,candidates
국고,ㄱㅜㄱㄱㅗ,krdict
국교,ㄱㅜㄱㄱㅛ,krdict
국기,ㄱㅜㄱㄱㅣ,candidates
국도,ㄱㅜㄱㄷㅗ,krdict
국모,ㄱㅜㄱㅁㅗ,krdict
국무,ㄱㅜㄱㅁㅜ,krdict
국보,ㄱㅜㄱㅂㅗ,krdict
국부,ㄱㅜㄱㅂㅜ,krdict
국비,ㄱㅜㄱㅂㅣ,krdict
국사,ㄱㅜㄱㅅㅏ,candidates
국소,ㄱㅜㄱㅅㅗ,krdict
국수,ㄱㅜㄱㅅㅜ,candidates
국시,ㄱㅜㄱㅅㅣ,krdict
국어,ㄱㅜㄱㅇㅓ,candidates
국유,ㄱㅜㄱㅇㅠ,krdict
국자,ㄱㅜㄱㅈㅏ,krdict
국지,ㄱㅜㄱㅈㅣ,krdict
국치,ㄱㅜㄱㅊㅣ,krdict
국토,ㄱㅜㄱㅌㅗ,krdict
국호,ㄱㅜㄱㅎㅗ,krdict
구간,ㄱㅜㄱㅏㄴ,krdict
구강,ㄱㅜㄱㅏㅇ,krdict
구걸,ㄱㅜㄱㅓㄹ,krdict
구경,ㄱㅜㄱㅕㅇ,candidates
구국,ㄱㅜㄱㅜㄱ,krdict
구근,ㄱㅜㄱㅡㄴ,krdict
구금,ㄱㅜㄱㅡㅁ,krdict
구급,ㄱㅜㄱㅡㅂ,krdict
구김,ㄱㅜㄱㅣㅁ,krdict
군가,ㄱㅜㄴㄱㅏ,krdict
군기,ㄱㅜㄴㄱㅣ,krdict
군무,ㄱㅜㄴㅁㅜ,krdict
군부,ㄱㅜㄴㅂㅜ,krdict
군비,ㄱㅜㄴㅂㅣ,krdict
군사,ㄱㅜㄴㅅㅏ,candidates
군소,ㄱㅜㄴㅅㅗ,krdict
군수,ㄱㅜㄴㅅㅜ,krdict
군자,ㄱㅜㄴㅈㅏ,krdict
군주,ㄱㅜㄴㅈㅜ,krdict
구내,ㄱㅜㄴㅏㅣ,krdict
굳다,ㄱㅜㄷㄷㅏ,krdict
굳이,ㄱㅜㄷㅇㅣ,krdict
구단,ㄱㅜㄷㅏㄴ,krdict
구독,ㄱㅜㄷㅗㄱ,krdict
구동,ㄱㅜㄷㅗㅇ,krdict
구들,ㄱㅜㄷㅡㄹ,krdict
굴다,ㄱㅜㄹㄷㅏ,krdict
굴비,ㄱㅜㄹㅂㅣ,krdict
굴지,ㄱㅜㄹㅈㅣ,krdict
구렁,ㄱㅜㄹㅓㅇ,krdict
구령,ㄱㅜㄹㅕㅇ,krdict
구름,ㄱㅜㄹㅡㅁ,candidates
구매,ㄱㅜㅁㅏㅣ,krdict
구멍,ㄱㅜㅁㅓㅇ,candidates
구면,ㄱㅜㅁㅕㄴ,krdict
구명,ㄱㅜㅁㅕㅇ,krdict
구문,ㄱㅜㅁㅜㄴ,krdict
구민,ㄱㅜㅁㅣㄴ,krdict
굽다,ㄱㅜㅂㄷㅏ,krdict
굽이,ㄱㅜㅂㅇㅣ,krdict
구박,ㄱㅜㅂㅏㄱ,krdict
구법,ㄱㅜㅂㅓㅂ,krdict
구변,ㄱㅜㅂㅕㄴ,krdict
구별,ㄱㅜㅂㅕㄹ,candidates
구분,ㄱㅜㅂㅜㄴ,candidates
굿즈,ㄱㅜㅅㅈㅡ,krdict
구상,ㄱㅜㅅㅏㅇ,krdict
구석,ㄱㅜㅅㅓㄱ,candidates
구설,ㄱㅜㅅㅓㄹ,krdict
구성,ㄱㅜㅅㅓㅇ,candidates
구속,ㄱㅜㅅㅗㄱ,candidates
구술,ㄱㅜㅅㅜㄹ,krdict
구슬,ㄱㅜㅅㅡㄹ,krdict
구습,ㄱㅜㅅㅡㅂ,krdict
구식,ㄱㅜㅅㅣㄱ,krdict
구실,ㄱㅜㅅㅣㄹ,krdict
구심,ㄱㅜㅅㅣㅁ,krdict
구십,ㄱㅜㅅㅣㅂ,krdict
궁녀,ㄱㅜㅇㄴㅕ,krdict
궁리,ㄱㅜㅇㄹㅣ,krdict
궁지,ㄱㅜㅇㅈㅣ,krdict
구애,ㄱㅜㅇㅏㅣ,krdict
구약,ㄱㅜㅇㅑㄱ,krdict
구역,ㄱㅜㅇㅕㄱ,candidates
구연,ㄱㅜㅇㅕㄴ,krdict
구인,ㄱㅜㅇㅣㄴ,krdict
구입,ㄱㅜㅇㅣㅂ,candidates
궂다,ㄱㅜㅈㄷㅏ,krdict
구장,ㄱㅜㅈㅏㅇ,krdict
구전,ㄱㅜㅈㅓㄴ,krdict
구절,ㄱㅜㅈㅓㄹ,krdict
구정,ㄱㅜㅈㅓㅇ,krdict
구제,ㄱㅜㅈㅓㅣ,krdict
구좌,ㄱㅜㅈㅗㅏ,krdict
구직,ㄱㅜㅈㅣㄱ,krdict
구질,ㄱㅜㅈㅣㄹ,krdict
구천,ㄱㅜㅊㅓㄴ,krdict
구청,ㄱㅜㅊㅓㅇ,candidates
구축,ㄱㅜㅊㅜㄱ,krdict
구출,ㄱㅜㅊㅜㄹ,krdict
구취,ㄱㅜㅊㅜㅣ,krdict
구태,ㄱㅜㅌㅏㅣ,krdict
구현,ㄱㅜㅎㅕㄴ,krdict
구형,ㄱㅜㅎㅕㅇ,krdict
구혼,ㄱㅜㅎㅗㄴ,krdict
귀가,ㄱㅜㅣㄱㅏ,candidates
귀로,ㄱㅜㅣㄹㅗ,krdict
귀리,ㄱㅜㅣㄹㅣ,krdict
귀지,ㄱㅜㅣㅈㅣ,krdict
귀추,ㄱㅜㅣㅊㅜ,krdict
귀티,ㄱㅜㅣㅌㅣ,krdict
귀하,ㄱㅜㅣㅎㅏ,krdict
귀히,ㄱㅜㅣㅎㅣ,krdict
규격,ㄱㅠㄱㅕㄱ,krdict
규명,ㄱㅠㅁㅕㅇ,krdict
규범,ㄱㅠㅂㅓㅁ,krdict
규약,ㄱㅠㅇㅑㄱ,krdict
규율,ㄱㅠㅇㅠㄹ,krdict
규정,ㄱㅠㅈㅓㅇ,candidates
규제,ㄱㅠㅈㅓㅣ,krdict
규칙,ㄱㅠㅊㅣㄱ,candidates
규탄,ㄱㅠㅌㅏㄴ,krdict
규합,ㄱㅠㅎㅏㅂ,krdict
극구,ㄱㅡㄱㄱㅜ,krdict
극기,ㄱㅡㄱㄱㅣ,krdict
극도,ㄱㅡㄱㄷㅗ,krdict
극비,ㄱㅡㄱㅂㅣ,krdict
극소,ㄱㅡㄱㅅㅗ,krdict
극우,ㄱㅡㄱㅇㅜ,krdict
극치,ㄱㅡㄱㅊㅣ,krdict
극히,ㄱㅡㄱㅎㅣ,krdict
그간,ㄱㅡㄱㅏㄴ,candidates
그건,ㄱㅡㄱㅓㄴ,krdict
그걸,ㄱㅡㄱㅓㄹ,krdict
그것,ㄱㅡㄱㅓㅅ,krdict
그곳,ㄱㅡㄱㅗㅅ,krdict
근거,ㄱㅡㄴㄱㅓ,candidates
근교,ㄱㅡㄴㄱㅛ,candidates
근로,ㄱㅡㄴㄹㅗ,candidates
근무,ㄱㅡㄴㅁㅜ,candidates
근수,ㄱㅡㄴㅅㅜ,krdict
근시,ㄱㅡㄴㅅㅣ,krdict
근저,ㄱㅡㄴㅈㅓ,krdict
근조,ㄱㅡㄴㅈㅗ,krdict
근처,ㄱㅡㄴㅊㅓ,candidates
그날,ㄱㅡㄴㅏㄹ,candidates
그냥,ㄱㅡㄴㅑㅇ,krdict
그네,ㄱㅡㄴㅓㅣ,krdict
그놈,ㄱㅡㄴㅗㅁ,krdict
그늘,ㄱㅡㄴㅡㄹ,candidates
그담,ㄱㅡㄷㅏㅁ,krdict
그대,ㄱㅡㄷㅏㅣ,krdict
그득,ㄱㅡㄷㅡㄱ,krdict
글로,ㄱㅡㄹㄹㅗ,krdict
글자,ㄱㅡㄹㅈㅏ,candidates
글피,ㄱㅡㄹㅍㅣ,krdict
그래,ㄱㅡㄹㅏㅣ,krdict
그런,ㄱㅡㄹㅓㄴ,krdict
그럼,ㄱㅡㄹㅓㅁ,krdict
그룹,ㄱㅡㄹㅜㅂ,candidates
그릇,ㄱㅡㄹㅡㅅ,candidates
그릴,ㄱㅡㄹㅣㄹ,krdict
그림,ㄱㅡㄹㅣㅁ,candidates
금고,ㄱㅡㅁㄱㅗ,candidates
금기,ㄱㅡㅁㄱㅣ,krdict
금녀,ㄱㅡㅁㄴㅕ,krdict
금니,ㄱㅡㅁㄴㅣ,krdict
금리,ㄱㅡㅁㄹㅣ,krdict
금서,ㄱㅡㅁㅅㅓ,krdict
금수,ㄱㅡㅁㅅㅜ,krdict
금주,ㄱㅡㅁㅈㅜ,krdict
금지,ㄱㅡㅁㅈㅣ,candidates
그만,ㄱㅡㅁㅏㄴ,krdict
그물,ㄱㅡㅁㅜㄹ,krdict
그믐,ㄱㅡㅁㅡㅁ,krdict
급거,ㄱㅡㅂㄱㅓ,krdict
급료,ㄱㅡㅂㄹㅛ,krdict
급류,ㄱㅡㅂㄹㅠ,krdict
급보,ㄱㅡㅂㅂㅗ,krdict
급사,ㄱㅡㅂㅅㅏ,krdict
급서,ㄱㅡㅂㅅㅓ,krdict
급소,ㄱㅡㅂㅅㅗ,krdict
급수,ㄱㅡㅂㅅㅜ,krdict
급여,ㄱㅡㅂㅇㅕ,krdict
급우,ㄱㅡㅂㅇㅜ,krdict
급유,ㄱㅡㅂㅇㅠ,krdict
급조,ㄱㅡㅂㅈㅗ,krdict
급파,ㄱㅡㅂㅍㅏ,krdict
급히,ㄱㅡㅂㅎㅣ,krdict
그분,ㄱㅡㅂㅜㄴ,krdict
긋다,ㄱㅡㅅㄷㅏ,krdict
그새,ㄱㅡㅅㅏㅣ,krdict
긍지,ㄱㅡㅇㅈㅣ,krdict
그예,ㄱㅡㅇㅕㅣ,krdict
그전,ㄱㅡㅈㅓㄴ,candidates
그제,ㄱㅡㅈㅓㅣ,krdict
그중,ㄱㅡㅈㅜㅇ,candidates
그편,ㄱㅡㅍㅕㄴ,krdict
그해,ㄱㅡㅎㅏㅣ,candidates
기각,ㄱㅣㄱㅏㄱ,krdict
기간,ㄱㅣㄱㅏㄴ,candidates
기갈,ㄱㅣㄱㅏㄹ,krdict
기강,ㄱㅣㄱㅏㅇ,krdict
기개,ㄱㅣㄱㅏㅣ,krdict
기겁,ㄱㅣㄱㅓㅂ,krdict
기계,ㄱㅣㄱㅕㅣ,candidates
기골,ㄱㅣㄱㅗㄹ,krdict
기공,ㄱㅣㄱㅗㅇ,krdict
기근,ㄱㅣㄱㅡㄴ,krdict
기금,ㄱㅣㄱㅡㅁ,krdict
긴히,ㄱㅣㄴㅎㅣ,krdict
기내,ㄱㅣㄴㅏㅣ,krdict
기념,ㄱㅣㄴㅕㅁ,candidates
기능,ㄱㅣㄴㅡㅇ,candidates
긷다,ㄱㅣㄷㄷㅏ,krdict
기대,ㄱㅣㄷㅏㅣ,candidates
기동,ㄱㅣㄷㅗㅇ,krdict
기둥,ㄱㅣㄷㅜㅇ,candidates
길가,ㄱㅣㄹㄱㅏ,candidates
길다,ㄱㅣㄹㄷㅏ,krdict
길이,ㄱㅣㄹㅇㅣ,candidates
길조,ㄱㅣㄹㅈㅗ,krdict
기량,ㄱㅣㄹㅑㅇ,krdict
기력,ㄱㅣㄹㅕㄱ,krdict
기록,ㄱㅣㄹㅗㄱ,candidates
기뢰,ㄱㅣㄹㅗㅣ,krdict
기름,ㄱㅣㄹㅡㅁ,candidates
기린,ㄱㅣㄹㅣㄴ,krdict
기립,ㄱㅣㄹㅣㅂ,krdict
김치,ㄱㅣㅁㅊㅣ,candidates
기만,ㄱㅣㅁㅏㄴ,krdict
기말,ㄱㅣㅁㅏㄹ,krdict
기물,ㄱㅣㅁㅜㄹ,krdict
기밀,ㄱㅣㅁㅣㄹ,krdict
깁다,ㄱㅣㅂㄷㅏ,krdict
깁스,ㄱㅣㅂㅅㅡ,krdict
기반,ㄱㅣㅂㅏㄴ,krdict
기법,ㄱㅣㅂㅓㅂ,candidates
기벽,ㄱㅣㅂㅕㄱ,krdict
기별,ㄱㅣㅂㅕㄹ,krdict
기병,ㄱㅣㅂㅕㅇ,krdict
기복,ㄱㅣㅂㅗㄱ,krdict
기본,ㄱㅣㅂㅗㄴ,candidates
기분,ㄱㅣㅂㅜㄴ,candidates
기상,ㄱㅣㅅㅏㅇ,krdict
기선,ㄱㅣㅅㅓㄴ,krdict
기성,ㄱㅣㅅㅓㅇ,candidates
기세,ㄱㅣㅅㅓㅣ,krdict
기술,ㄱㅣㅅㅜㄹ,candidates
기습,ㄱㅣㅅㅡㅂ,krdict
기승,ㄱㅣㅅㅡㅇ,krdict
기실,ㄱㅣㅅㅣㄹ,krdict
기악,ㄱㅣㅇㅏㄱ,krdict
기안,ㄱㅣㅇㅏㄴ,krdict
기암,ㄱㅣㅇㅏㅁ,krdict
기압,ㄱㅣㅇㅏㅂ,krdict
기약,ㄱㅣㅇㅑㄱ,krdict
기억,ㄱㅣㅇㅓㄱ,candidates
기업,ㄱㅣㅇㅓㅂ,candidates
기역,ㄱㅣㅇㅕㄱ,krdict
기염,ㄱㅣㅇㅕㅁ,krdict
기예,ㄱㅣㅇㅕㅣ,krdict
기온,ㄱㅣㅇㅗㄴ,candidates
기와,ㄱㅣㅇㅗㅏ,krdict
기용,ㄱㅣㅇㅛㅇ,krdict
기운,ㄱㅣㅇㅜㄴ,candidates
기웃,ㄱㅣㅇㅜㅅ,krdict
기인,ㄱㅣㅇㅣㄴ,krdict
기일,ㄱㅣㅇㅣㄹ,krdict
기입,ㄱㅣㅇㅣㅂ,krdict
기장,ㄱㅣㅈㅏㅇ,krdict
기재,ㄱㅣㅈㅏㅣ,krdict
기적,ㄱㅣㅈㅓㄱ,candidates
기절,ㄱㅣㅈㅓㄹ,krdict
기점,ㄱㅣㅈㅓㅁ,krdict
기제,ㄱㅣㅈㅓㅣ,krdict
기존,ㄱㅣㅈㅗㄴ,krdict
기종,ㄱㅣㅈㅗㅇ,krdict
기준,ㄱㅣㅈㅜㄴ,candidates
기증,ㄱㅣㅈㅡㅇ,krdict
기진,ㄱㅣㅈㅣㄴ,krdict
기질,ㄱㅣㅈㅣㄹ,krdict
기척,ㄱㅣㅊㅓㄱ,krdict
기체,ㄱㅣㅊㅓㅣ,krdict
기축,ㄱㅣㅊㅜㄱ,krdict
기출,ㄱㅣㅊㅜㄹ,krdict
기층,ㄱㅣㅊㅡㅇ,krdict
기침,ㄱㅣㅊㅣㅁ,candidates
기탄,ㄱㅣㅌㅏㄴ,krdict
기틀,ㄱㅣㅌㅡㄹ,krdict
깊다,ㄱㅣㅍㄷㅏ,krdict
깊이,ㄱㅣㅍㅇㅣ,candidates
기폭,ㄱㅣㅍㅗㄱ,krdict
기품,ㄱㅣㅍㅜㅁ,krdict
기풍,ㄱㅣㅍㅜㅇ,krdict
기한,ㄱㅣㅎㅏㄴ,krdict
기함,ㄱㅣㅎㅏㅁ,krdict
기합,ㄱㅣㅎㅏㅂ,krdict
기혈,ㄱㅣㅎㅕㄹ,krdict
기형,ㄱㅣㅎㅕㅇ,krdict
기혼,ㄱㅣㅎㅗㄴ,candidates
기화,ㄱㅣㅎㅗㅏ,krdict
기회,ㄱㅣㅎㅗㅣ,candidates
낙마,ㄴㅏㄱㅁㅏ,krdict
낙서,ㄴㅏㄱㅅㅓ,krdict
낙수,ㄴㅏㄱㅅㅜ,krdict
낙오,ㄴㅏㄱㅇㅗ,krdict
낙조,ㄴㅏㄱㅈㅗ,krdict
낙지,ㄴㅏㄱㅈㅣ,krdict
낙차,ㄴㅏㄱㅊㅏ,krdict
낙타,ㄴㅏㄱㅌㅏ,krdict
낙하,ㄴㅏㄱㅎㅏ,krdict
낙후,ㄴㅏㄱㅎㅜ,krdict
나귀,ㄴㅏㄱㅜㅣ,krdict
난로,ㄴㅏㄴㄹㅗ,krdict
난류,ㄴㅏㄴㄹㅠ,krdict
난리,ㄴㅏㄴㄹㅣ,candidates
난무,ㄴㅏㄴㅁㅜ,krdict
난사,ㄴㅏㄴㅅㅏ,krdict
난소,ㄴㅏㄴㅅㅗ,krdict
난시,ㄴㅏㄴㅅㅣ,krdict
난자,ㄴㅏㄴㅈㅏ,krdict
난조,ㄴㅏㄴㅈㅗ,krdict
난초,ㄴㅏㄴㅊㅗ,krdict
난치,ㄴㅏㄴㅊㅣ,krdict
난타,ㄴㅏㄴㅌㅏ,krdict
난투,ㄴㅏㄴㅌㅜ,krdict
난파,ㄴㅏㄴㅍㅏ,krdict
나날,ㄴㅏㄴㅏㄹ,krdict
나눔,ㄴㅏㄴㅜㅁ,krdict
날다,ㄴㅏㄹㄷㅏ,krdict
날로,ㄴㅏㄹㄹㅗ,krdict
날수,ㄴㅏㄹㅅㅜ,krdict
날조,ㄴㅏㄹㅈㅗ,krdict
날치,ㄴㅏㄹㅊㅣ,krdict
나락,ㄴㅏㄹㅏㄱ,krdict
나름,ㄴㅏㄹㅡㅁ,krdict
남녀,ㄴㅏㅁㄴㅕ,candidates
남다,ㄴㅏㅁㄷㅏ,krdict
남도,ㄴㅏㅁㄷㅗ,krdict
남루,ㄴㅏㅁㄹㅜ,krdict
남미,ㄴㅏㅁㅁㅣ,krdict
남부,ㄴㅏㅁㅂㅜ,candidates
남비,ㄴㅏㅁㅂㅣ,krdict
남서,ㄴㅏㅁㅅㅓ,krdict
남아,ㄴㅏㅁㅇㅏ,krdict
남우,ㄴㅏㅁㅇㅜ,krdict
남자,ㄴㅏㅁㅈㅏ,candidates
남파,ㄴㅏㅁㅍㅏ,krdict
남포,ㄴㅏㅁㅍㅗ,krdict
남하,ㄴㅏㅁㅎㅏ,krdict
나목,ㄴㅏㅁㅗㄱ,krdict
나물,ㄴㅏㅁㅜㄹ,candidates
납기,ㄴㅏㅂㄱㅣ,krdict
납부,ㄴㅏㅂㅂㅜ,krdict
납치,ㄴㅏㅂㅊㅣ,krdict
나발,ㄴㅏㅂㅏㄹ,krdict
나방,ㄴㅏㅂㅏㅇ,krdict
나병,ㄴㅏㅂㅕㅇ,krdict
낫다,ㄴㅏㅅㄷㅏ,krdict
나선,ㄴㅏㅅㅓㄴ,krdict
나신,ㄴㅏㅅㅣㄴ,krdict
낭보,ㄴㅏㅇㅂㅗ,krdict
낭비,ㄴㅏㅇㅂㅣ,candidates
낭자,ㄴㅏㅇㅈㅏ,krdict
나열,ㄴㅏㅇㅕㄹ,krdict
나위,ㄴㅏㅇㅜㅣ,krdict
나인,ㄴㅏㅇㅣㄴ,krdict
낮다,ㄴㅏㅈㄷㅏ,krdict
나절,ㄴㅏㅈㅓㄹ,krdict
나졸,ㄴㅏㅈㅗㄹ,krdict
나중,ㄴㅏㅈㅜㅇ,candidates
나체,ㄴㅏㅊㅓㅣ,krdict
낱자,ㄴㅏㅌㅈㅏ,krdict
나태,ㄴㅏㅌㅏㅣ,krdict
나팔,ㄴㅏㅍㅏㄹ,krdict
낳다,ㄴㅏㅎㄷㅏ,krdict
나흘,ㄴㅏㅎㅡㄹ,candidates
내규,ㄴㅏㅣㄱㅠ,krdict
내기,ㄴㅏㅣㄱㅣ,krdict
내다,ㄴㅏㅣㄷㅏ,krdict
내리,ㄴㅏㅣㄹㅣ,krdict
내부,ㄴㅏㅣㅂㅜ,candidates
내비,ㄴㅏㅣㅂㅣ,krdict
내사,ㄴㅏㅣㅅㅏ,krdict
내수,ㄴㅏㅣㅅㅜ,krdict
내시,ㄴㅏㅣㅅㅣ,krdict
내야,ㄴㅏㅣㅇㅑ,krdict
내조,ㄴㅏㅣㅈㅗ,krdict
내주,ㄴㅏㅣㅈㅜ,krdict
내지,ㄴㅏㅣㅈㅣ,krdict
내치,ㄴㅏㅣㅊㅣ,krdict
내포,ㄴㅏㅣㅍㅗ,krdict
내피,ㄴㅏㅣㅍㅣ,krdict
너덧,ㄴㅓㄷㅓㅅ,krdict
널다,ㄴㅓㄹㄷㅏ,krdict
널리,ㄴㅓㄹㄹㅣ,krdict
넘다,ㄴㅓㅁㄷㅏ,krdict
넘버,ㄴㅓㅁㅂㅓ,krdict
넙치,ㄴㅓㅂㅊㅣ,krdict
넝마,ㄴㅓㅇㅁㅏ,krdict
너와,ㄴㅓㅇㅗㅏ,krdict
너울,ㄴㅓㅇㅜㄹ,krdict
넣다,ㄴㅓㅎㄷㅏ,krdict
너희,ㄴㅓㅎㅡㅣ,krdict
네모,ㄴㅓㅣㅁㅗ,krdict
네트,ㄴㅓㅣㅌㅡ,krdict
년도,ㄴㅕㄴㄷㅗ,krdict
녀석,ㄴㅕㅅㅓㄱ,krdict
녹다,ㄴㅗㄱㄷㅏ,krdict
녹두,ㄴㅗㄱㄷㅜ,krdict
녹조,ㄴㅗㄱㅈㅗ,krdict
녹지,ㄴㅗㄱㅈㅣ,krdict
녹차,ㄴㅗㄱㅊㅏ,candidates
녹초,ㄴㅗㄱㅊㅗ,krdict
논거,ㄴㅗㄴㄱㅓ,krdict
논고,ㄴㅗㄴㄱㅗ,krdict
논리,ㄴㅗㄴㄹㅣ,candidates
논자,ㄴㅗㄴㅈㅏ,krdict
논저,ㄴㅗㄴㅈㅓ,krdict
논조,ㄴㅗㄴㅈㅗ,krdict
논지,ㄴㅗㄴㅈㅣ,krdict
노년,ㄴㅗㄴㅕㄴ,krdict
노동,ㄴㅗㄷㅗㅇ,candidates
놀다,ㄴㅗㄹㄷㅏ,krdict
놀부,ㄴㅗㄹㅂㅜ,krdict
놀이,ㄴㅗㄹㅇㅣ,candidates
노랑,ㄴㅗㄹㅏㅇ,krdict
노래,ㄴㅗㄹㅏㅣ,candidates
노력,ㄴㅗㄹㅕㄱ,candidates
노령,ㄴㅗㄹㅕㅇ,krdict
노름,ㄴㅗㄹㅡㅁ,krdict
노릇,ㄴㅗㄹㅡㅅ,krdict
노망,ㄴㅗㅁㅏㅇ,krdict
노면,ㄴㅗㅁㅕㄴ,krdict
노변,ㄴㅗㅂㅕㄴ,krdict
노병,ㄴㅗㅂㅕㅇ,krdict
노산,ㄴㅗㅅㅏㄴ,krdict
노상,ㄴㅗㅅㅏㅇ,krdict
노새,ㄴㅗㅅㅏㅣ,krdict
노선,ㄴㅗㅅㅓㄴ,candidates
노송,ㄴㅗㅅㅗㅇ,krdict
노쇠,ㄴㅗㅅㅗㅣ,krdict
노숙,ㄴㅗㅅㅜㄱ,krdict
노승,ㄴㅗㅅㅡㅇ,krdict
농가,ㄴㅗㅇㄱㅏ,krdict
농고,ㄴㅗㅇㄱㅗ,krdict
농구,ㄴㅗㅇㄱㅜ,candidates
농기,ㄴㅗㅇㄱㅣ,krdict
농도,ㄴㅗㅇㄷㅗ,krdict
농무,ㄴㅗㅇㅁㅜ,krdict
농부,ㄴㅗㅇㅂㅜ,candidates
농사,ㄴㅗㅇㅅㅏ,candidates
농아,ㄴㅗㅇㅇㅏ,krdict
농어,ㄴㅗㅇㅇㅓ,krdict
농지,ㄴㅗㅇㅈㅣ,krdict
농토,ㄴㅗㅇㅌㅗ,krdict
노안,ㄴㅗㅇㅏㄴ,krdict
노역,ㄴㅗㅇㅕㄱ,krdict
노염,ㄴㅗㅇㅕㅁ,krdict
노예,ㄴㅗㅇㅕㅣ,krdict
노옹,ㄴㅗㅇㅗㅇ,krdict
노을,ㄴㅗㅇㅡㄹ,krdict
노인,ㄴㅗㅇㅣㄴ,candidates
노임,ㄴㅗㅇㅣㅁ,krdict
노작,ㄴㅗㅈㅏㄱ,krdict
노장,ㄴㅗㅈㅏㅇ,krdict
노점,ㄴㅗㅈㅓㅁ,krdict
노정,ㄴㅗㅈㅓㅇ,krdict
노천,ㄴㅗㅊㅓㄴ,krdict
노출,ㄴㅗㅊㅜㄹ,krdict
노친,ㄴㅗㅊㅣㄴ,krdict
높다,ㄴㅗㅍㄷㅏ,krdict
높이,ㄴㅗㅍㅇㅣ,candidates
놓다,ㄴㅗㅎㄷㅏ,krdict
노형,ㄴㅗㅎㅕㅇ,krdict
노화,ㄴㅗㅎㅗㅏ,krdict
뇌다,ㄴㅗㅣㄷㅏ,krdict
뇌리,ㄴㅗㅣㄹㅣ,krdict
뇌사,ㄴㅗㅣㅅㅏ,krdict
뇌파,ㄴㅗㅣㅍㅏ,krdict
눅다,ㄴㅜㄱㄷㅏ,krdict
누각,ㄴㅜㄱㅏㄱ,krdict
누계,ㄴㅜㄱㅕㅣ,krdict
눈가,ㄴㅜㄴㄱㅏ,candidates
눈비,ㄴㅜㄴㅂㅣ,krdict
눈치,ㄴㅜㄴㅊㅣ,krdict
누님,ㄴㅜㄴㅣㅁ,krdict
눋다,ㄴㅜㄷㄷㅏ,krdict
누락,ㄴㅜㄹㅏㄱ,krdict
누룩,ㄴㅜㄹㅜㄱ,krdict
누명,ㄴㅜㅁㅕㅇ,krdict
눕다,ㄴㅜㅂㄷㅏ,krdict
누설,ㄴㅜㅅㅓㄹ,krdict
누에,ㄴㅜㅇㅓㅣ,krdict
누적,ㄴㅜㅈㅓㄱ,krdict
누전,ㄴㅜㅈㅓㄴ,krdict
누진,ㄴㅜㅈㅣㄴ,krdict
누출,ㄴㅜㅊㅜㄹ,krdict
뉘다,ㄴㅜㅣㄷㅏ,krdict
뉴욕,ㄴㅠㅇㅛㄱ,krdict
늘다,ㄴㅡㄹㄷㅏ,krdict
능사,ㄴㅡㅇㅅㅏ,krdict
능히,ㄴㅡㅇㅎㅣ,krdict
늦다,ㄴㅡㅈㄷㅏ,krdict
늪가,ㄴㅡㅍㄱㅏ,krdict
늪지,ㄴㅡㅍㅈㅣ,krdict
니은,ㄴㅣㅇㅡㄴ,krdict
따다,ㄷㄷㅏㄷㅏ,krdict
따라,ㄷㄷㅏㄹㅏ,krdict
따로,ㄷㄷㅏㄹㅗ,krdict
땜,ㄷㄷㅏㅣㅁ,krdict
땡,ㄷㄷㅏㅣㅇ,krdict
뜨다,ㄷㄷㅡㄷㅏ,krdict
띠다,ㄷㄷㅣㄷㅏ,krdict
다과,ㄷㅏㄱㅗㅏ,krdict
단가,ㄷㅏㄴㄱㅏ,krdict
단교,ㄷㅏㄴㄱㅛ,krdict
단기,ㄷㅏㄴㄱㅣ,krdict
단도,ㄷㅏㄴㄷㅗ,krdict
단비,ㄷㅏㄴㅂㅣ,krdict
단서,ㄷㅏㄴㅅㅓ,krdict
단소,ㄷㅏㄴㅅㅗ,krdict
단수,ㄷㅏㄴㅅㅜ,krdict
단어,ㄷㅏㄴㅇㅓ,candidates
단오,ㄷㅏㄴㅇㅗ,krdict
단자,ㄷㅏㄴㅈㅏ,krdict
단조,ㄷㅏㄴㅈㅗ,krdict
단지,ㄷㅏㄴㅈㅣ,candidates
단초,ㄷㅏㄴㅊㅗ,krdict
단추,ㄷㅏㄴㅊㅜ,candidates
닫다,ㄷㅏㄷㄷㅏ,krdict
다단,ㄷㅏㄷㅏㄴ,krdict
다독,ㄷㅏㄷㅗㄱ,krdict
달다,ㄷㅏㄹㄷㅏ,krdict
달러,ㄷㅏㄹㄹㅓ,candidates
달리,ㄷㅏㄹㄹㅣ,krdict
달수,ㄷㅏㄹㅅㅜ,krdict
달포,ㄷㅏㄹㅍㅗ,krdict
다락,ㄷㅏㄹㅏㄱ,krdict
다래,ㄷㅏㄹㅏㅣ,krdict
다량,ㄷㅏㄹㅑㅇ,krdict
다른,ㄷㅏㄹㅡㄴ,krdict
담다,ㄷㅏㅁㄷㅏ,krdict
담보,ㄷㅏㅁㅂㅗ,krdict
담소,ㄷㅏㅁㅅㅗ,krdict
담수,ㄷㅏㅁㅅㅜ,krdict
담요,ㄷㅏㅁㅇㅛ,candidates
다만,ㄷㅏㅁㅏㄴ,krdict
다면,ㄷㅏㅁㅕㄴ,krdict
답보,ㄷㅏㅂㅂㅗ,krdict
답사,ㄷㅏㅂㅅㅏ,krdict
답지,ㄷㅏㅂㅈㅣ,krdict
다발,ㄷㅏㅂㅏㄹ,krdict
다방,ㄷㅏㅂㅏㅇ,candidates
다산,ㄷㅏㅅㅏㄴ,krdict
다섯,ㄷㅏㅅㅓㅅ,krdict
다승,ㄷㅏㅅㅡㅇ,krdict
다실,ㄷㅏㅅㅣㄹ,krdict
당구,ㄷㅏㅇㄱㅜ,krdict
당뇨,ㄷㅏㅇㄴㅛ,krdict
당도,ㄷㅏㅇㄷㅗ,krdict
당류,ㄷㅏㅇㄹㅠ,krdict
당부,ㄷㅏㅇㅂㅜ,krdict
당사,ㄷㅏㅇㅅㅏ,krdict
당시,ㄷㅏㅇㅅㅣ,candidates
당초,ㄷㅏㅇㅊㅗ,krdict
당파,ㄷㅏㅇㅍㅏ,krdict
다운,ㄷㅏㅇㅜㄴ,krdict
다음,ㄷㅏㅇㅡㅁ,candidates
다작,ㄷㅏㅈㅏㄱ,krdict
다정,ㄷㅏㅈㅓㅇ,krdict
다중,ㄷㅏㅈㅜㅇ,krdict
다짐,ㄷㅏㅈㅣㅁ,krdict
다층,ㄷㅏㅊㅡㅇ,krdict
다툼,ㄷㅏㅌㅜㅁ,candidates
닿다,ㄷㅏㅎㄷㅏ,krdict
다홍,ㄷㅏㅎㅗㅇ,krdict
대가,ㄷㅏㅣㄱㅏ,candidates
대거,ㄷㅏㅣㄱㅓ,krdict
대교,ㄷㅏㅣㄱㅛ,krdict
대구,ㄷㅏㅣㄱㅜ,krdict
대기,ㄷㅏㅣㄱㅣ,candidates
대다,ㄷㅏㅣㄷㅏ,krdict
대도,ㄷㅏㅣㄷㅗ,krdict
대두,ㄷㅏㅣㄷㅜ,krdict
대로,ㄷㅏㅣㄹㅗ,krdict
대리,ㄷㅏㅣㄹㅣ,krdict
대모,ㄷㅏㅣㅁㅗ,krdict
대미,ㄷㅏㅣㅁㅣ,krdict
대부,ㄷㅏㅣㅂㅜ,krdict
대비,ㄷㅏㅣㅂㅣ,candidates
대사,ㄷㅏㅣㅅㅏ,candidates
대서,ㄷㅏㅣㅅㅓ,krdict
대소,ㄷㅏㅣㅅㅗ,krdict
대수,ㄷㅏㅣㅅㅜ,krdict
대시,ㄷㅏㅣㅅㅣ,krdict
대야,ㄷㅏㅣㅇㅑ,krdict
대어,ㄷㅏㅣㅇㅓ,krdict
대여,ㄷㅏㅣㅇㅕ,krdict
대오,ㄷㅏㅣㅇㅗ,krdict
대우,ㄷㅏㅣㅇㅜ,krdict
대자,ㄷㅏㅣㅈㅏ,krdict
대저,ㄷㅏㅣㅈㅓ,krdict
대조,ㄷㅏㅣㅈㅗ,krdict
대지,ㄷㅏㅣㅈㅣ,krdict
대처,ㄷㅏㅣㅊㅓ,krdict
대추,ㄷㅏㅣㅊㅜ,krdict
대치,ㄷㅏㅣㅊㅣ,krdict
대타,ㄷㅏㅣㅌㅏ,krdict
대파,ㄷㅏㅣㅍㅏ,krdict
대포,ㄷㅏㅣㅍㅗ,krdict
대표,ㄷㅏㅣㅍㅛ,candidates
대피,ㄷㅏㅣㅍㅣ,krdict
더덕,ㄷㅓㄷㅓㄱ,krdict
덜다,ㄷㅓㄹㄷㅏ,krdict
덜미,ㄷㅓㄹㅁㅣ,krdict
더럭,ㄷㅓㄹㅓㄱ,krdict
덥다,ㄷㅓㅂㄷㅏ,krdict
더블,ㄷㅓㅂㅡㄹ,krdict
더빙,ㄷㅓㅂㅣㅇ,krdict
덧니,ㄷㅓㅅㄴㅣ,krdict
덩이,ㄷㅓㅇㅇㅣ,krdict
덩치,ㄷㅓㅇㅊㅣ,krdict
더욱,ㄷㅓㅇㅜㄱ,krdict
더위,ㄷㅓㅇㅜㅣ,candidates
덮다,ㄷㅓㅍㄷㅏ,krdict
데다,ㄷㅓㅣㄷㅏ,krdict
데모,ㄷㅓㅣㅁㅗ,krdict
도끼,ㄷㅗㄱㄱㅣ,krdict
독도,ㄷㅗㄱㄷㅗ,krdict
독려,ㄷㅗㄱㄹㅕ,krdict
독사,ㄷㅗㄱㅅㅏ,krdict
독서,ㄷㅗㄱㅅㅓ,candidates
독소,ㄷㅗㄱㅅㅗ,krdict
독어,ㄷㅗㄱㅇㅓ,krdict
독자,ㄷㅗㄱㅈㅏ,krdict
독주,ㄷㅗㄱㅈㅜ,krdict
독지,ㄷㅗㄱㅈㅣ,krdict
독초,ㄷㅗㄱㅊㅗ,krdict
도감,ㄷㅗㄱㅏㅁ,krdict
도강,ㄷㅗㄱㅏㅇ,krdict
도공,ㄷㅗㄱㅗㅇ,krdict
도굴,ㄷㅗㄱㅜㄹ,krdict
도금,ㄷㅗㄱㅡㅁ,krdict
도급,ㄷㅗㄱㅡㅂ,krdict
도난,ㄷㅗㄴㅏㄴ,krdict
도내,ㄷㅗㄴㅏㅣ,krdict
도넛,ㄷㅗㄴㅓㅅ,krdict
도농,ㄷㅗㄴㅗㅇ,krdict
돋다,ㄷㅗㄷㄷㅏ,krdict
도달,ㄷㅗㄷㅏㄹ,krdict
도덕,ㄷㅗㄷㅓㄱ,candidates
도둑,ㄷㅗㄷㅜㄱ,candidates
돌기,ㄷㅗㄹㄱㅣ,krdict
돌다,ㄷㅗㄹㄷㅏ,krdict
돌파,ㄷㅗㄹㅍㅏ,krdict
도랑,ㄷㅗㄹㅏㅇ,krdict
도래,ㄷㅗㄹㅏㅣ,krdict
도량,ㄷㅗㄹㅑㅇ,krdict
도령,ㄷㅗㄹㅕㅇ,krdict
도록,ㄷㅗㄹㅗㄱ,krdict
도륙,ㄷㅗㄹㅠㄱ,krdict
도립,ㄷㅗㄹㅣㅂ,krdict
도막,ㄷㅗㅁㅏㄱ,krdict
도망,ㄷㅗㅁㅏㅇ,candidates
도매,ㄷㅗㅁㅏㅣ,krdict
도면,ㄷㅗㅁㅕㄴ,krdict
도민,ㄷㅗㅁㅣㄴ,krdict
돕다,ㄷㅗㅂㄷㅏ,krdict
도박,ㄷㅗㅂㅏㄱ,krdict
도발,ㄷㅗㅂㅏㄹ,krdict
도배,ㄷㅗㅂㅏㅣ,krdict
도벽,ㄷㅗㅂㅕㄱ,krdict
도복,ㄷㅗㅂㅗㄱ,krdict
도산,ㄷㅗㅅㅏㄴ,krdict
도살,ㄷㅗㅅㅏㄹ,krdict
도성,ㄷㅗㅅㅓㅇ,krdict
도술,ㄷㅗㅅㅜㄹ,krdict
도식,ㄷㅗㅅㅣㄱ,krdict
도심,ㄷㅗㅅㅣㅁ,candidates
동거,ㄷㅗㅇㄱㅓ,krdict
동기,ㄷㅗㅇㄱㅣ,candidates
동료,ㄷㅗㅇㄹㅛ,candidates
동류,ㄷㅗㅇㄹㅠ,krdict
동리,ㄷㅗㅇㄹㅣ,krdict
동무,ㄷㅗㅇㅁㅜ,krdict
동부,ㄷㅗㅇㅂㅜ,candidates
동사,ㄷㅗㅇㅅㅏ,krdict
동서,ㄷㅗㅇㅅㅓ,candidates
동시,ㄷㅗㅇㅅㅣ,candidates
동요,ㄷㅗㅇㅇㅛ,krdict
동이,ㄷㅗㅇㅇㅣ,krdict
동조,ㄷㅗㅇㅈㅗ,krdict
동지,ㄷㅗㅇㅈㅣ,krdict
동토,ㄷㅗㅇㅌㅗ,krdict
동파,ㄷㅗㅇㅍㅏ,krdict
동포,ㄷㅗㅇㅍㅗ,candidates
도안,ㄷㅗㅇㅏㄴ,krdict
도약,ㄷㅗㅇㅑㄱ,krdict
도열,ㄷㅗㅇㅕㄹ,krdict
도예,ㄷㅗㅇㅕㅣ,krdict
도용,ㄷㅗㅇㅛㅇ,krdict
도움,ㄷㅗㅇㅜㅁ,candidates
도읍,ㄷㅗㅇㅡㅂ,krdict
도의,ㄷㅗㅇㅡㅣ,krdict
도인,ㄷㅗㅇㅣㄴ,krdict
도입,ㄷㅗㅇㅣㅂ,candidates
도장,ㄷㅗㅈㅏㅇ,candidates
도적,ㄷㅗㅈㅓㄱ,krdict
도전,ㄷㅗㅈㅓㄴ,candidates
도정,ㄷㅗㅈㅓㅇ,krdict
도제,ㄷㅗㅈㅓㅣ,krdict
도중,ㄷㅗㅈㅜㅇ,candidates
도착,ㄷㅗㅊㅏㄱ,candidates
도청,ㄷㅗㅊㅓㅇ,krdict
도체,ㄷㅗㅊㅓㅣ,krdict
도축,ㄷㅗㅊㅜㄱ,krdict
도출,ㄷㅗㅊㅜㄹ,krdict
도취,ㄷㅗㅊㅜㅣ,krdict
도탄,ㄷㅗㅌㅏㄴ,krdict
도태,ㄷㅗㅌㅏㅣ,krdict
도통,ㄷㅗㅌㅗㅇ,krdict
도합,ㄷㅗㅎㅏㅂ,krdict
도해,ㄷㅗㅎㅏㅣ,krdict
도형,ㄷㅗㅎㅕㅇ,krdict
도회,ㄷㅗㅎㅗㅣ,krdict
되다,ㄷㅗㅣㄷㅏ,krdict
두각,ㄷㅜㄱㅏㄱ,krdict
두건,ㄷㅜㄱㅓㄴ,krdict
둔부,ㄷㅜㄴㅂㅜ,krdict
둔치,ㄷㅜㄴㅊㅣ,krdict
두뇌,ㄷㅜㄴㅗㅣ,candidates
두둑,ㄷㅜㄷㅜㄱ,krdict
두둔,ㄷㅜㄷㅜㄴ,krdict
두렁,ㄷㅜㄹㅓㅇ,krdict
두레,ㄷㅜㄹㅓㅣ,krdict
두령,ㄷㅜㄹㅕㅇ,krdict
두름,ㄷㅜㄹㅡㅁ,krdict
두말,ㄷㅜㅁㅏㄹ,krdict
두메,ㄷㅜㅁㅓㅣ,krdict
두목,ㄷㅜㅁㅗㄱ,krdict
두발,ㄷㅜㅂㅏㄹ,krdict
두상,ㄷㅜㅅㅏㅇ,krdict
두세,ㄷㅜㅅㅓㅣ,krdict
둥지,ㄷㅜㅇㅈㅣ,candidates
둥치,ㄷㅜㅇㅊㅣ,krdict
두엄,ㄷㅜㅇㅓㅁ,krdict
두엇,ㄷㅜㅇㅓㅅ,krdict
두절,ㄷㅜㅈㅓㄹ,krdict
두통,ㄷㅜㅌㅗㅇ,candidates
뒤주,ㄷㅜㅣㅈㅜ,krdict
득도,ㄷㅡㄱㄷㅗ,krdict
득표,ㄷㅡㄱㅍㅛ,krdict
든가,ㄷㅡㄴㄱㅏ,krdict
든지,ㄷㅡㄴㅈㅣ,krdict
듣기,ㄷㅡㄷㄱㅣ,krdict
듣다,ㄷㅡㄷㄷㅏ,krdict
들다,ㄷㅡㄹㄷㅏ,krdict
들소,ㄷㅡㄹㅅㅗ,krdict
드럼,ㄷㅡㄹㅓㅁ,krdict
드론,ㄷㅡㄹㅗㄴ,krdict
드릴,ㄷㅡㄹㅣㄹ,krdict
듯이,ㄷㅡㅅㅇㅣ,krdict
등가,ㄷㅡㅇㄱㅏ,krdict
등교,ㄷㅡㅇㄱㅛ,krdict
등기,ㄷㅡㅇㄱㅣ,krdict
등수,ㄷㅡㅇㅅㅜ,krdict
등유,ㄷㅡㅇㅇㅠ,krdict
등지,ㄷㅡㅇㅈㅣ,krdict
등호,ㄷㅡㅇㅎㅗ,krdict
디귿,ㄷㅣㄱㅡㄷ,krdict
딛다,ㄷㅣㄷㄷㅏ,krdict
딜러,ㄷㅣㄹㄹㅓ,krdict
딥다,ㄷㅣㅂㄷㅏ,krdict
라면,ㄹㅏㅁㅕㄴ,candidates
라식,ㄹㅏㅅㅣㄱ,krdict
라인,ㄹㅏㅇㅣㄴ,candidates
라테,ㄹㅏㅌㅓㅣ,krdict
럭비,ㄹㅓㄱㅂㅣ,krdict
레저,ㄹㅓㅣㅈㅓ,candidates
롤러,ㄹㅗㄹㄹㅓ,krdict
로망,ㄹㅗㅁㅏㅇ,krdict
로밍,ㄹㅗㅁㅣㅇ,krdict
로봇,ㄹㅗㅂㅗㅅ,candidates
로써,ㄹㅗㅅㅅㅓ,krdict
로션,ㄹㅗㅅㅕㄴ,krdict
로펌,ㄹㅗㅍㅓㅁ,krdict
린스,ㄹㅣㄴㅅㅡ,krdict
린치,ㄹㅣㄴㅊㅣ,krdict
리듬,ㄹㅣㄷㅡㅁ,candidates
림프,ㄹㅣㅁㅍㅡ,krdict
리본,ㄹㅣㅂㅗㄴ,krdict
링거,ㄹㅣㅇㄱㅓ,krdict
링크,ㄹㅣㅇㅋㅡ,krdict
리을,ㄹㅣㅇㅡㄹ,krdict
리콜,ㄹㅣㅋㅗㄹ,krdict
리필,ㄹㅣㅍㅣㄹ,krdict
막다,ㅁㅏㄱㄷㅏ,krdict
막료,ㅁㅏㄱㄹㅛ,krdict
막사,ㅁㅏㄱㅅㅏ,krdict
막차,ㅁㅏㄱㅊㅏ,krdict
막후,ㅁㅏㄱㅎㅜ,krdict
마감,ㅁㅏㄱㅏㅁ,krdict
마개,ㅁㅏㄱㅏㅣ,krdict
마귀,ㅁㅏㄱㅜㅣ,krdict
만가,ㅁㅏㄴㄱㅏ,krdict
만고,ㅁㅏㄴㄱㅗ,krdict
만기,ㅁㅏㄴㄱㅣ,krdict
만두,ㅁㅏㄴㄷㅜ,candidates
만료,ㅁㅏㄴㄹㅛ,krdict
만루,ㅁㅏㄴㄹㅜ,krdict
만류,ㅁㅏㄴㄹㅠ,krdict
만무,ㅁㅏㄴㅁㅜ,krdict
만사,ㅁㅏㄴㅅㅏ,krdict
만수,ㅁㅏㄴㅅㅜ,krdict
만유,ㅁㅏㄴㅇㅠ,krdict
만조,ㅁㅏㄴㅈㅗ,krdict
만주,ㅁㅏㄴㅈㅜ,krdict
만추,ㅁㅏㄴㅊㅜ,krdict
만치,ㅁㅏㄴㅊㅣ,krdict
마냥,ㅁㅏㄴㅑㅇ,krdict
마는,ㅁㅏㄴㅡㄴ,krdict
마늘,ㅁㅏㄴㅡㄹ,candidates
마님,ㅁㅏㄴㅣㅁ,krdict
맏이,ㅁㅏㄷㅇㅣ,krdict
마담,ㅁㅏㄷㅏㅁ,krdict
마당,ㅁㅏㄷㅏㅇ,candidates
마대,ㅁㅏㄷㅏㅣ,krdict
말기,ㅁㅏㄹㄱㅣ,candidates
말다,ㅁㅏㄹㄷㅏ,krdict
말로,ㅁㅏㄹㄹㅗ,krdict
말미,ㅁㅏㄹㅁㅣ,krdict
말보,ㅁㅏㄹㅂㅗ,krdict
말소,ㅁㅏㄹㅅㅗ,krdict
말수,ㅁㅏㄹㅅㅜ,krdict
말초,ㅁㅏㄹㅊㅗ,krdict
말투,ㅁㅏㄹㅌㅜ,candidates
마력,ㅁㅏㄹㅕㄱ,krdict
마련,ㅁㅏㄹㅕㄴ,candidates
마름,ㅁㅏㄹㅡㅁ,krdict
맘마,ㅁㅏㅁㅁㅏ,krdict
맘보,ㅁㅏㅁㅂㅗ,krdict
마멸,ㅁㅏㅁㅕㄹ,krdict
마법,ㅁㅏㅂㅓㅂ,krdict
마술,ㅁㅏㅅㅜㄹ,krdict
망고,ㅁㅏㅇㄱㅗ,krdict
망루,ㅁㅏㅇㄹㅜ,krdict
망사,ㅁㅏㅇㅅㅏ,krdict
망자,ㅁㅏㅇㅈㅏ,krdict
망조,ㅁㅏㅇㅈㅗ,krdict
망치,ㅁㅏㅇㅊㅣ,krdict
망토,ㅁㅏㅇㅌㅗ,krdict
마약,ㅁㅏㅇㅑㄱ,candidates
마을,ㅁㅏㅇㅡㄹ,candidates
마음,ㅁㅏㅇㅡㅁ,candidates
마일,ㅁㅏㅇㅣㄹ,krdict
맞다,ㅁㅏㅈㄷㅏ,krdict
맞수,ㅁㅏㅈㅅㅜ,krdict
맞아,ㅁㅏㅈㅇㅏ,krdict
마작,ㅁㅏㅈㅏㄱ,krdict
마장,ㅁㅏㅈㅏㅇ,krdict
마적,ㅁㅏㅈㅓㄱ,krdict
마중,ㅁㅏㅈㅜㅇ,candidates
마진,ㅁㅏㅈㅣㄴ,krdict
마찰,ㅁㅏㅊㅏㄹ,candidates
마취,ㅁㅏㅊㅜㅣ,krdict
마침,ㅁㅏㅊㅣㅁ,krdict
맡다,ㅁㅏㅌㄷㅏ,krdict
마패,ㅁㅏㅍㅏㅣ,krdict
마흔,ㅁㅏㅎㅡㄴ,krdict
매기,ㅁㅏㅣㄱㅣ,krdict
매너,ㅁㅏㅣㄴㅓ,candidates
매다,ㅁㅏㅣㄷㅏ,krdict
매도,ㅁㅏㅣㄷㅗ,krdict
매미,ㅁㅏㅣㅁㅣ,krdict
매부,ㅁㅏㅣㅂㅜ,krdict
매사,ㅁㅏㅣㅅㅏ,krdict
매수,ㅁㅏㅣㅅㅜ,krdict
매우,ㅁㅏㅣㅇㅜ,krdict
매주,ㅁㅏㅣㅈㅜ,krdict
매초,ㅁㅏㅣㅊㅗ,krdict
매치,ㅁㅏㅣㅊㅣ,krdict
매트,ㅁㅏㅣㅌㅡ,krdict
매표,ㅁㅏㅣㅍㅛ,krdict
먹다,ㅁㅓㄱㄷㅏ,krdict
먹보,ㅁㅓㄱㅂㅗ,krdict
먹이,ㅁㅓㄱㅇㅣ,candidates
먹지,ㅁㅓㄱㅈㅣ,krdict
먼저,ㅁㅓㄴㅈㅓ,krdict
먼지,ㅁㅓㄴㅈㅣ,candidates
멀다,ㅁㅓㄹㄷㅏ,krdict
멀리,ㅁㅓㄹㄹㅣ,krdict
멀미,ㅁㅓㄹㅁㅣ,krdict
머슴,ㅁㅓㅅㅡㅁ,krdict
멍히,ㅁㅓㅇㅎㅣ,krdict
멎다,ㅁㅓㅈㄷㅏ,krdict
머핀,ㅁㅓㅍㅣㄴ,krdict
메가,ㅁㅓㅣㄱㅏ,krdict
메뉴,ㅁㅓㅣㄴㅠ,candidates
메다,ㅁㅓㅣㄷㅏ,krdict
메모,ㅁㅓㅣㅁㅗ,candidates
메스,ㅁㅓㅣㅅㅡ,krdict
메주,ㅁㅓㅣㅈㅜ,krdict
면도,ㅁㅕㄴㄷㅗ,krdict
면모,ㅁㅕㄴㅁㅗ,krdict
면허,ㅁㅕㄴㅎㅓ,krdict
멸시,ㅁㅕㄹㅅㅣ,krdict
멸치,ㅁㅕㄹㅊㅣ,candidates
명가,ㅁㅕㅇㄱㅏ,krdict
명구,ㅁㅕㅇㄱㅜ,krdict
명기,ㅁㅕㅇㄱㅣ,krdict
명도,ㅁㅕㅇㄷㅗ,krdict
명리,ㅁㅕㅇㄹㅣ,krdict
명부,ㅁㅕㅇㅂㅜ,krdict
명사,ㅁㅕㅇㅅㅏ,krdict
명소,ㅁㅕㅇㅅㅗ,krdict
명수,ㅁㅕㅇㅅㅜ,krdict
명시,ㅁㅕㅇㅅㅣ,krdict
명저,ㅁㅕㅇㅈㅓ,krdict
명주,ㅁㅕㅇㅈㅜ,krdict
명차,ㅁㅕㅇㅊㅏ,krdict
명치,ㅁㅕㅇㅊㅣ,krdict
며칠,ㅁㅕㅊㅣㄹ,candidates
목기,ㅁㅗㄱㄱㅣ,krdict
목마,ㅁㅗㄱㅁㅏ,krdict
목사,ㅁㅗㄱㅅㅏ,candidates
목수,ㅁㅗㄱㅅㅜ,krdict
목자,ㅁㅗㄱㅈㅏ,krdict
목조,ㅁㅗㄱㅈㅗ,krdict
목차,ㅁㅗㄱㅊㅏ,krdict
목초,ㅁㅗㄱㅊㅗ,krdict
목표,ㅁㅗㄱㅍㅛ,candidates
목하,ㅁㅗㄱㅎㅏ,krdict
모계,ㅁㅗㄱㅕㅣ,krdict
모골,ㅁㅗㄱㅗㄹ,krdict
모공,ㅁㅗㄱㅗㅇ,krdict
모과,ㅁㅗㄱㅗㅏ,krdict
모국,ㅁㅗㄱㅜㄱ,krdict
모금,ㅁㅗㄱㅡㅁ,krdict
모독,ㅁㅗㄷㅗㄱ,krdict
모둠,ㅁㅗㄷㅜㅁ,krdict
모든,ㅁㅗㄷㅡㄴ,krdict
모듬,ㅁㅗㄷㅡㅁ,krdict
몰다,ㅁㅗㄹㄷㅏ,krdict
몰두,ㅁㅗㄹㄷㅜ,krdict
몰수,ㅁㅗㄹㅅㅜ,krdict
몰아,ㅁㅗㄹㅇㅏ,krdict
몰이,ㅁㅗㄹㅇㅣ,krdict
몰표,ㅁㅗㄹㅍㅛ,krdict
모래,ㅁㅗㄹㅏㅣ,candidates
모략,ㅁㅗㄹㅑㄱ,krdict
모레,ㅁㅗㄹㅓㅣ,candidates
몸소,ㅁㅗㅁㅅㅗ,krdict
몸치,ㅁㅗㅁㅊㅣ,krdict
모면,ㅁㅗㅁㅕㄴ,krdict
모멸,ㅁㅗㅁㅕㄹ,krdict
몹시,ㅁㅗㅂㅅㅣ,krdict
모반,ㅁㅗㅂㅏㄴ,krdict
모발,ㅁㅗㅂㅏㄹ,krdict
모방,ㅁㅗㅂㅏㅇ,krdict
모범,ㅁㅗㅂㅓㅁ,candidates
모빌,ㅁㅗㅂㅣㄹ,krdict
못다,ㅁㅗㅅㄷㅏ,krdict
모성,ㅁㅗㅅㅓㅇ,krdict
모션,ㅁㅗㅅㅕㄴ,krdict
모순,ㅁㅗㅅㅜㄴ,krdict
모습,ㅁㅗㅅㅡㅂ,candidates
몽고,ㅁㅗㅇㄱㅗ,krdict
모양,ㅁㅗㅇㅑㅇ,candidates
모욕,ㅁㅗㅇㅛㄱ,krdict
모음,ㅁㅗㅇㅡㅁ,krdict
모의,ㅁㅗㅇㅡㅣ,krdict
모임,ㅁㅗㅇㅣㅁ,candidates
모정,ㅁㅗㅈㅓㅇ,krdict
모종,ㅁㅗㅈㅗㅇ,krdict
모직,ㅁㅗㅈㅣㄱ,krdict
모집,ㅁㅗㅈㅣㅂ,candidates
모체,ㅁㅗㅊㅓㅣ,krdict
모친,ㅁㅗㅊㅣㄴ,krdict
모태,ㅁㅗㅌㅏㅣ,krdict
모함,ㅁㅗㅎㅏㅁ,krdict
모험,ㅁㅗㅎㅓㅁ,krdict
모형,ㅁㅗㅎㅕㅇ,krdict
묘령,ㅁㅛㄹㅕㅇ,krdict
묘목,ㅁㅛㅁㅗㄱ,krdict
묘법,ㅁㅛㅂㅓㅂ,krdict
묘안,ㅁㅛㅇㅏㄴ,krdict
묘약,ㅁㅛㅇㅑㄱ,krdict
묘역,ㅁㅛㅇㅕㄱ,krdict
묘판,ㅁㅛㅍㅏㄴ,krdict
묵다,ㅁㅜㄱㄷㅏ,krdict
묵도,ㅁㅜㄱㄷㅗ,krdict
묵시,ㅁㅜㄱㅅㅣ,krdict
묵주,ㅁㅜㄱㅈㅜ,krdict
무게,ㅁㅜㄱㅓㅣ,candidates
무공,ㅁㅜㄱㅗㅇ,krdict
무궁,ㅁㅜㄱㅜㅇ,krdict
무극,ㅁㅜㄱㅡㄱ,krdict
무급,ㅁㅜㄱㅡㅂ,krdict
문가,ㅁㅜㄴㄱㅏ,krdict
문고,ㅁㅜㄴㄱㅗ,krdict
문구,ㅁㅜㄴㄱㅜ,candidates
문리,ㅁㅜㄴㄹㅣ,krdict
문무,ㅁㅜㄴㅁㅜ,krdict
문사,ㅁㅜㄴㅅㅏ,krdict
문서,ㅁㅜㄴㅅㅓ,candidates
문어,ㅁㅜㄴㅇㅓ,krdict
문우,ㅁㅜㄴㅇㅜ,krdict
문자,ㅁㅜㄴㅈㅏ,candidates
문초,ㅁㅜㄴㅊㅗ,krdict
문하,ㅁㅜㄴㅎㅏ,krdict
문호,ㅁㅜㄴㅎㅗ,krdict
무념,ㅁㅜㄴㅕㅁ,krdict
무논,ㅁㅜㄴㅗㄴ,krdict
무능,ㅁㅜㄴㅡㅇ,krdict
무늬,ㅁㅜㄴㅡㅣ,candidates
묻다,ㅁㅜㄷㄷㅏ,krdict
무단,ㅁㅜㄷㅏㄴ,krdict
무당,ㅁㅜㄷㅏㅇ,krdict
무대,ㅁㅜㄷㅏㅣ,candidates
무덤,ㅁㅜㄷㅓㅁ,candidates
물가,ㅁㅜㄹㄱㅏ,candidates
물기,ㅁㅜㄹㄱㅣ,candidates
물다,ㅁㅜㄹㄷㅏ,krdict
물류,ㅁㅜㄹㄹㅠ,krdict
물리,ㅁㅜㄹㄹㅣ,krdict
물자,ㅁㅜㄹㅈㅏ,krdict
물주,ㅁㅜㄹㅈㅜ,krdict
무력,ㅁㅜㄹㅕㄱ,krdict
무렵,ㅁㅜㄹㅕㅂ,krdict
무례,ㅁㅜㄹㅕㅣ,krdict
무릇,ㅁㅜㄹㅡㅅ,krdict
무릎,ㅁㅜㄹㅡㅍ,candidates
무명,ㅁㅜㅁㅕㅇ,krdict
무박,ㅁㅜㅂㅏㄱ,krdict
무법,ㅁㅜㅂㅓㅂ,krdict
무병,ㅁㅜㅂㅕㅇ,krdict
무상,ㅁㅜㅅㅏㅇ,krdict
무선,ㅁㅜㅅㅓㄴ,krdict
무성,ㅁㅜㅅㅓㅇ,krdict
무속,ㅁㅜㅅㅗㄱ,krdict
무쇠,ㅁㅜㅅㅗㅣ,krdict
무술,ㅁㅜㅅㅜㄹ,krdict
무슨,ㅁㅜㅅㅡㄴ,krdict
무식,ㅁㅜㅅㅣㄱ,krdict
무신,ㅁㅜㅅㅣㄴ,krdict
무심,ㅁㅜㅅㅣㅁ,krdict
뭉치,ㅁㅜㅇㅊㅣ,krdict
무안,ㅁㅜㅇㅏㄴ,krdict
무언,ㅁㅜㅇㅓㄴ,krdict
무엇,ㅁㅜㅇㅓㅅ,krdict
무역,ㅁㅜㅇㅕㄱ,candidates
무예,ㅁㅜㅇㅕㅣ,krdict
무욕,ㅁㅜㅇㅛㄱ,krdict
무용,ㅁㅜㅇㅛㅇ,candidates
무위,ㅁㅜㅇㅜㅣ,krdict
무인,ㅁㅜㅇㅣㄴ,krdict
무임,ㅁㅜㅇㅣㅁ,krdict
무장,ㅁㅜㅈㅏㅇ,krdict
무적,ㅁㅜㅈㅓㄱ,krdict
무전,ㅁㅜㅈㅓㄴ,krdict
무정,ㅁㅜㅈㅓㅇ,krdict
무제,ㅁㅜㅈㅓㅣ,krdict
무좀,ㅁㅜㅈㅗㅁ,krdict
무죄,ㅁㅜㅈㅗㅣ,krdict
무직,ㅁㅜㅈㅣㄱ,krdict
무진,ㅁㅜㅈㅣㄴ,krdict
무척,ㅁㅜㅊㅓㄱ,krdict
무취,ㅁㅜㅊㅜㅣ,krdict
무침,ㅁㅜㅊㅣㅁ,krdict
무패,ㅁㅜㅍㅏㅣ,krdict
무풍,ㅁㅜㅍㅜㅇ,krdict
무학,ㅁㅜㅎㅏㄱ,krdict
무한,ㅁㅜㅎㅏㄴ,krdict
무혈,ㅁㅜㅎㅕㄹ,krdict
무협,ㅁㅜㅎㅕㅂ,krdict
무형,ㅁㅜㅎㅕㅇ,krdict
무희,ㅁㅜㅎㅡㅣ,krdict
미끼,ㅁㅣㄱㄱㅣ,krdict
믹서,ㅁㅣㄱㅅㅓ,krdict
미각,ㅁㅣㄱㅏㄱ,krdict
미간,ㅁㅣㄱㅏㄴ,krdict
미감,ㅁㅣㄱㅏㅁ,krdict
미개,ㅁㅣㄱㅏㅣ,krdict
미결,ㅁㅣㄱㅕㄹ,krdict
미곡,ㅁㅣㄱㅗㄱ,krdict
미국,ㅁㅣㄱㅜㄱ,krdict
미군,ㅁㅣㄱㅜㄴ,krdict
미궁,ㅁㅣㄱㅜㅇ,krdict
민가,ㅁㅣㄴㄱㅏ,krdict
민도,ㅁㅣㄴㄷㅗ,krdict
민사,ㅁㅣㄴㅅㅏ,krdict
민요,ㅁㅣㄴㅇㅛ,krdict
민자,ㅁㅣㄴㅈㅏ,krdict
민주,ㅁㅣㄴㅈㅜ,candidates
민초,ㅁㅣㄴㅊㅗ,krdict
민트,ㅁㅣㄴㅌㅡ,krdict
미남,ㅁㅣㄴㅏㅁ,krdict
미납,ㅁㅣㄴㅏㅂ,krdict
믿다,ㅁㅣㄷㄷㅏ,krdict
미달,ㅁㅣㄷㅏㄹ,krdict
미담,ㅁㅣㄷㅏㅁ,krdict
미덕,ㅁㅣㄷㅓㄱ,krdict
미동,ㅁㅣㄷㅗㅇ,krdict
미등,ㅁㅣㄷㅡㅇ,krdict
밀고,ㅁㅣㄹㄱㅗ,krdict
밀다,ㅁㅣㄹㄷㅏ,krdict
밀도,ㅁㅣㄹㄷㅗ,krdict
밀리,ㅁㅣㄹㄹㅣ,krdict
밀사,ㅁㅣㄹㅅㅏ,krdict
밀서,ㅁㅣㄹㅅㅓ,krdict
밀수,ㅁㅣㄹㅅㅜ,krdict
밀어,ㅁㅣㄹㅇㅓ,krdict
밀주,ㅁㅣㄹㅈㅜ,krdict
밀지,ㅁㅣㄹㅈㅣ,krdict
미래,ㅁㅣㄹㅏㅣ,candidates
미량,ㅁㅣㄹㅑㅇ,krdict
미력,ㅁㅣㄹㅕㄱ,krdict
미련,ㅁㅣㄹㅕㄴ,krdict
미륵,ㅁㅣㄹㅡㄱ,krdict
미만,ㅁㅣㅁㅏㄴ,candidates
미망,ㅁㅣㅁㅏㅇ,krdict
미명,ㅁㅣㅁㅕㅇ,krdict
미몽,ㅁㅣㅁㅗㅇ,krdict
미문,ㅁㅣㅁㅜㄴ,krdict
미물,ㅁㅣㅁㅜㄹ,krdict
밉다,ㅁㅣㅂㄷㅏ,krdict
미상,ㅁㅣㅅㅏㅇ,krdict
미성,ㅁㅣㅅㅓㅇ,krdict
미세,ㅁㅣㅅㅓㅣ,krdict
미션,ㅁㅣㅅㅕㄴ,krdict
미숙,ㅁㅣㅅㅜㄱ,krdict
미술,ㅁㅣㅅㅜㄹ,candidates
미식,ㅁㅣㅅㅣㄱ,krdict
미신,ㅁㅣㅅㅣㄴ,krdict
미싱,ㅁㅣㅅㅣㅇ,krdict
밍크,ㅁㅣㅇㅋㅡ,krdict
미안,ㅁㅣㅇㅏㄴ,krdict
미역,ㅁㅣㅇㅕㄱ,candidates
미연,ㅁㅣㅇㅕㄴ,krdict
미열,ㅁㅣㅇㅕㄹ,krdict
미온,ㅁㅣㅇㅗㄴ,krdict
미용,ㅁㅣㅇㅛㅇ,krdict
미움,ㅁㅣㅇㅜㅁ,candidates
미음,ㅁㅣㅇㅡㅁ,krdict
미인,ㅁㅣㅇㅣㄴ,candidates
미장,ㅁㅣㅈㅏㅇ,krdict
미적,ㅁㅣㅈㅓㄱ,krdict
미정,ㅁㅣㅈㅓㅇ,krdict
미제,ㅁㅣㅈㅓㅣ,krdict
미진,ㅁㅣㅈㅣㄴ,krdict
미팅,ㅁㅣㅌㅣㅇ,candidates
미풍,ㅁㅣㅍㅜㅇ,krdict
미필,ㅁㅣㅍㅣㄹ,krdict
미학,ㅁㅣㅎㅏㄱ,krdict
미혹,ㅁㅣㅎㅗㄱ,krdict
미혼,ㅁㅣㅎㅗㄴ,candidates
미화,ㅁㅣㅎㅗㅏ,krdict
빽,ㅂㅂㅏㅣㄱ,krdict
뺑,ㅂㅂㅏㅣㅇ,krdict
뿌리,ㅂㅂㅜㄹㅣ,candidates
삐다,ㅂㅂㅣㄷㅏ,krdict
삐라,ㅂㅂㅣㄹㅏ,krdict
박다,ㅂㅏㄱㄷㅏ,krdict
박두,ㅂㅏㄱㄷㅜ,krdict
박사,ㅂㅏㄱㅅㅏ,candidates
박수,ㅂㅏㄱㅅㅜ,candidates
박스,ㅂㅏㄱㅅㅡ,candidates
박자,ㅂㅏㄱㅈㅏ,krdict
박차,ㅂㅏㄱㅊㅏ,krdict
박토,ㅂㅏㄱㅌㅗ,krdict
박하,ㅂㅏㄱㅎㅏ,krdict
반구,ㅂㅏㄴㄱㅜ,krdict
반기,ㅂㅏㄴㄱㅣ,krdict
반도,ㅂㅏㄴㄷㅗ,krdict
반디,ㅂㅏㄴㄷㅣ,krdict
반라,ㅂㅏㄴㄹㅏ,krdict
반려,ㅂㅏㄴㄹㅕ,krdict
반미,ㅂㅏㄴㅁㅣ,krdict
반보,ㅂㅏㄴㅂㅗ,krdict
반사,ㅂㅏㄴㅅㅏ,krdict
반수,ㅂㅏㄴㅅㅜ,krdict
반어,ㅂㅏㄴㅇㅓ,krdict
반주,ㅂㅏㄴㅈㅜ,krdict
반지,ㅂㅏㄴㅈㅣ,candidates
반추,ㅂㅏㄴㅊㅜ,krdict
반파,ㅂㅏㄴㅍㅏ,krdict
반포,ㅂㅏㄴㅍㅗ,krdict
바늘,ㅂㅏㄴㅡㄹ,candidates
받다,ㅂㅏㄷㄷㅏ,krdict
바닥,ㅂㅏㄷㅏㄱ,candidates
바둑,ㅂㅏㄷㅜㄱ,krdict
발기,ㅂㅏㄹㄱㅣ,krdict
발로,ㅂㅏㄹㄹㅗ,krdict
발모,ㅂㅏㄹㅁㅗ,krdict
발부,ㅂㅏㄹㅂㅜ,krdict
발사,ㅂㅏㄹㅅㅏ,krdict
발아,ㅂㅏㄹㅇㅏ,krdict
발주,ㅂㅏㄹㅈㅜ,krdict
발차,ㅂㅏㄹㅊㅏ,krdict
발치,ㅂㅏㄹㅊㅣ,krdict
발파,ㅂㅏㄹㅍㅏ,krdict
발포,ㅂㅏㄹㅍㅗ,krdict
발표,ㅂㅏㄹㅍㅛ,candidates
발호,ㅂㅏㄹㅎㅗ,krdict
발효,ㅂㅏㄹㅎㅛ,krdict
바락,ㅂㅏㄹㅏㄱ,krdict
바람,ㅂㅏㄹㅏㅁ,candidates
바랑,ㅂㅏㄹㅏㅇ,krdict
바른,ㅂㅏㄹㅡㄴ,krdict
밤비,ㅂㅏㅁㅂㅣ,krdict
밤차,ㅂㅏㅁㅊㅏ,krdict
바삐,ㅂㅏㅂㅂㅣ,krdict
바삭,ㅂㅏㅅㅏㄱ,krdict
바순,ㅂㅏㅅㅜㄴ,krdict
방기,ㅂㅏㅇㄱㅣ,krdict
방뇨,ㅂㅏㅇㄴㅛ,krdict
방도,ㅂㅏㅇㄷㅗ,krdict
방류,ㅂㅏㅇㄹㅠ,krdict
방비,ㅂㅏㅇㅂㅣ,krdict
방사,ㅂㅏㅇㅅㅏ,krdict
방수,ㅂㅏㅇㅅㅜ,krdict
방아,ㅂㅏㅇㅇㅏ,krdict
방어,ㅂㅏㅇㅇㅓ,krdict
방조,ㅂㅏㅇㅈㅗ,krdict
방지,ㅂㅏㅇㅈㅣ,candidates
방치,ㅂㅏㅇㅊㅣ,krdict
방호,ㅂㅏㅇㅎㅗ,krdict
바위,ㅂㅏㅇㅜㅣ,candidates
바퀴,ㅂㅏㅋㅜㅣ,candidates
밭다,ㅂㅏㅌㄷㅏ,krdict
바탕,ㅂㅏㅌㅏㅇ,candidates
바통,ㅂㅏㅌㅗㅇ,krdict
배가,ㅂㅏㅣㄱㅏ,krdict
배교,ㅂㅏㅣㄱㅛ,krdict
배구,ㅂㅏㅣㄱㅜ,candidates
배기,ㅂㅏㅣㄱㅣ,krdict
배뇨,ㅂㅏㅣㄴㅛ,krdict
배다,ㅂㅏㅣㄷㅏ,krdict
배려,ㅂㅏㅣㄹㅕ,krdict
배부,ㅂㅏㅣㅂㅜ,krdict
배수,ㅂㅏㅣㅅㅜ,krdict
배아,ㅂㅏㅣㅇㅏ,krdict
배우,ㅂㅏㅣㅇㅜ,candidates
배지,ㅂㅏㅣㅈㅣ,krdict
배차,ㅂㅏㅣㅊㅏ,krdict
배추,ㅂㅏㅣㅊㅜ,candidates
배치,ㅂㅏㅣㅊㅣ,candidates
배타,ㅂㅏㅣㅌㅏ,krdict
배트,ㅂㅏㅣㅌㅡ,krdict
배포,ㅂㅏㅣㅍㅗ,krdict
배표,ㅂㅏㅣㅍㅛ,krdict
배후,ㅂㅏㅣㅎㅜ,krdict
번지,ㅂㅓㄴㅈㅣ,candidates
번트,ㅂㅓㄴㅌㅡ,krdict
번호,ㅂㅓㄴㅎㅗ,candidates
벋다,ㅂㅓㄷㄷㅏ,krdict
버들,ㅂㅓㄷㅡㄹ,krdict
벌다,ㅂㅓㄹㄷㅏ,krdict
벌이,ㅂㅓㄹㅇㅣ,krdict
벌초,ㅂㅓㄹㅊㅗ,krdict
버럭,ㅂㅓㄹㅓㄱ,krdict
버릇,ㅂㅓㄹㅡㅅ,candidates
범부,ㅂㅓㅁㅂㅜ,krdict
범사,ㅂㅓㅁㅅㅏ,krdict
범주,ㅂㅓㅁㅈㅜ,krdict
범퍼,ㅂㅓㅁㅍㅓ,krdict
법규,ㅂㅓㅂㄱㅠ,krdict
법도,ㅂㅓㅂㄷㅗ,krdict
법리,ㅂㅓㅂㄹㅣ,krdict
법치,ㅂㅓㅂㅊㅣ,krdict
벗다,ㅂㅓㅅㄷㅏ,krdict
버선,ㅂㅓㅅㅓㄴ,krdict
버섯,ㅂㅓㅅㅓㅅ,candidates
벙커,ㅂㅓㅇㅋㅓ,krdict
버찌,ㅂㅓㅈㅈㅣ,krdict
버전,ㅂㅓㅈㅓㄴ,krdict
버짐,ㅂㅓㅈㅣㅁ,krdict
버튼,ㅂㅓㅌㅡㄴ,candidates
베다,ㅂㅓㅣㄷㅏ,krdict
벽두,ㅂㅕㄱㄷㅜ,krdict
벽보,ㅂㅕㄱㅂㅗ,krdict
벽지,ㅂㅕㄱㅈㅣ,krdict
변고,ㅂㅕㄴㄱㅗ,krdict
변기,ㅂㅕㄴㄱㅣ,krdict
변모,ㅂㅕㄴㅁㅗ,krdict
변비,ㅂㅕㄴㅂㅣ,krdict
변사,ㅂㅕㄴㅅㅏ,krdict
변소,ㅂㅕㄴㅅㅗ,krdict
변수,ㅂㅕㄴㅅㅜ,krdict
변이,ㅂㅕㄴㅇㅣ,krdict
변조,ㅂㅕㄴㅈㅗ,krdict
변주,ㅂㅕㄴㅈㅜ,krdict
변호,ㅂㅕㄴㅎㅗ,krdict
별거,ㅂㅕㄹㄱㅓ,krdict
별고,ㅂㅕㄹㄱㅗ,krdict
별도,ㅂㅕㄹㄷㅗ,candidates
별로,ㅂㅕㄹㄹㅗ,krdict
별미,ㅂㅕㄹㅁㅣ,krdict
별수,ㅂㅕㄹㅅㅜ,krdict
별지,ㅂㅕㄹㅈㅣ,krdict
별차,ㅂㅕㄹㅊㅏ,krdict
별표,ㅂㅕㄹㅍㅛ,krdict
별호,ㅂㅕㄹㅎㅗ,krdict
벼락,ㅂㅕㄹㅏㄱ,krdict
벼랑,ㅂㅕㄹㅏㅇ,krdict
벼룩,ㅂㅕㄹㅜㄱ,krdict
벼슬,ㅂㅕㅅㅡㄹ,krdict
병가,ㅂㅕㅇㄱㅏ,krdict
병고,ㅂㅕㅇㄱㅗ,krdict
병기,ㅂㅕㅇㄱㅣ,krdict
병리,ㅂㅕㅇㄹㅣ,krdict
병마,ㅂㅕㅇㅁㅏ,krdict
병무,ㅂㅕㅇㅁㅜ,krdict
병사,ㅂㅕㅇㅅㅏ,krdict
병서,ㅂㅕㅇㅅㅓ,krdict
병자,ㅂㅕㅇㅈㅏ,krdict
병후,ㅂㅕㅇㅎㅜ,krdict
복고,ㅂㅗㄱㄱㅗ,krdict
복구,ㅂㅗㄱㄱㅜ,krdict
복도,ㅂㅗㄱㄷㅗ,candidates
복리,ㅂㅗㄱㄹㅣ,krdict
복무,ㅂㅗㄱㅁㅜ,krdict
복부,ㅂㅗㄱㅂㅜ,krdict
복사,ㅂㅗㄱㅅㅏ,candidates
복수,ㅂㅗㄱㅅㅜ,krdict
복어,ㅂㅗㄱㅇㅓ,krdict
복지,ㅂㅗㄱㅈㅣ,krdict
보강,ㅂㅗㄱㅏㅇ,krdict
보건,ㅂㅗㄱㅓㄴ,krdict
보격,ㅂㅗㄱㅕㄱ,krdict
보결,ㅂㅗㄱㅕㄹ,krdict
보급,ㅂㅗㄱㅡㅂ,krdict
본가,ㅂㅗㄴㄱㅏ,krdict
본고,ㅂㅗㄴㄱㅗ,krdict
본교,ㅂㅗㄴㄱㅛ,krdict
본드,ㅂㅗㄴㄷㅡ,krdict
본디,ㅂㅗㄴㄷㅣ,krdict
본류,ㅂㅗㄴㄹㅠ,krdict
본무,ㅂㅗㄴㅁㅜ,krdict
본부,ㅂㅗㄴㅂㅜ,candidates
본사,ㅂㅗㄴㅅㅏ,candidates
본서,ㅂㅗㄴㅅㅓ,krdict
본시,ㅂㅗㄴㅅㅣ,krdict
본지,ㅂㅗㄴㅈㅣ,krdict
본처,ㅂㅗㄴㅊㅓ,krdict
본토,ㅂㅗㄴㅌㅗ,krdict
보답,ㅂㅗㄷㅏㅂ,krdict
볼기,ㅂㅗㄹㄱㅣ,krdict
볼모,ㅂㅗㄹㅁㅗ,krdict
볼트,ㅂㅗㄹㅌㅡ,krdict
보람,ㅂㅗㄹㅏㅁ,candidates
보름,ㅂㅗㄹㅡㅁ,candidates
봄비,ㅂㅗㅁㅂㅣ,krdict
보물,ㅂㅗㅁㅜㄹ,krdict
보배,ㅂㅗㅂㅏㅣ,krdict
보병,ㅂㅗㅂㅕㅇ,krdict
보복,ㅂㅗㅂㅗㄱ,krdict
보살,ㅂㅗㅅㅏㄹ,krdict
보상,ㅂㅗㅅㅏㅇ,candidates
보석,ㅂㅗㅅㅓㄱ,krdict
보선,ㅂㅗㅅㅓㄴ,krdict
보신,ㅂㅗㅅㅣㄴ,krdict
봉기,ㅂㅗㅇㄱㅣ,krdict
봉사,ㅂㅗㅇㅅㅏ,candidates
봉지,ㅂㅗㅇㅈㅣ,candidates
봉투,ㅂㅗㅇㅌㅜ,candidates
보안,ㅂㅗㅇㅏㄴ,candidates
보약,ㅂㅗㅇㅑㄱ,krdict
보양,ㅂㅗㅇㅑㅇ,krdict
보온,ㅂㅗㅇㅗㄴ,krdict
보위,ㅂㅗㅇㅜㅣ,krdict
보육,ㅂㅗㅇㅠㄱ,krdict
보은,ㅂㅗㅇㅡㄴ,krdict
보장,ㅂㅗㅈㅏㅇ,candidates
보전,ㅂㅗㅈㅓㄴ,candidates
보정,ㅂㅗㅈㅓㅇ,krdict
보존,ㅂㅗㅈㅗㄴ,candidates
보좌,ㅂㅗㅈㅗㅏ,krdict
보증,ㅂㅗㅈㅡㅇ,krdict
보직,ㅂㅗㅈㅣㄱ,krdict
보충,ㅂㅗㅊㅜㅇ,krdict
보컬,ㅂㅗㅋㅓㄹ,krdict
보통,ㅂㅗㅌㅗㅇ,candidates
보편,ㅂㅗㅍㅕㄴ,krdict
보폭,ㅂㅗㅍㅗㄱ,krdict
보풀,ㅂㅗㅍㅜㄹ,krdict
보필,ㅂㅗㅍㅣㄹ,krdict
보험,ㅂㅗㅎㅓㅁ,candidates
보화,ㅂㅗㅎㅗㅏ,krdict
보훈,ㅂㅗㅎㅜㄴ,krdict
뵈다,ㅂㅗㅣㄷㅏ,krdict
북미,ㅂㅜㄱㅁㅣ,krdict
북부,ㅂㅜㄱㅂㅜ,candidates
북서,ㅂㅜㄱㅅㅓ,krdict
북어,ㅂㅜㄱㅇㅓ,krdict
부각,ㅂㅜㄱㅏㄱ,krdict
부강,ㅂㅜㄱㅏㅇ,krdict
부검,ㅂㅜㄱㅓㅁ,krdict
부결,ㅂㅜㄱㅕㄹ,krdict
부계,ㅂㅜㄱㅕㅣ,krdict
부과,ㅂㅜㄱㅗㅏ,krdict
부국,ㅂㅜㄱㅜㄱ,krdict
부군,ㅂㅜㄱㅜㄴ,krdict
부귀,ㅂㅜㄱㅜㅣ,krdict
부근,ㅂㅜㄱㅡㄴ,candidates
부금,ㅂㅜㄱㅡㅁ,krdict
분가,ㅂㅜㄴㄱㅏ,krdict
분교,ㅂㅜㄴㄱㅛ,krdict
분규,ㅂㅜㄴㄱㅠ,krdict
분기,ㅂㅜㄴㄱㅣ,krdict
분노,ㅂㅜㄴㄴㅗ,candidates
분뇨,ㅂㅜㄴㄴㅛ,krdict
분류,ㅂㅜㄴㄹㅠ,krdict
분리,ㅂㅜㄴㄹㅣ,candidates
분모,ㅂㅜㄴㅁㅗ,krdict
분부,ㅂㅜㄴㅂㅜ,krdict
분비,ㅂㅜㄴㅂㅣ,krdict
분사,ㅂㅜㄴㅅㅏ,krdict
분수,ㅂㅜㄴㅅㅜ,krdict
분야,ㅂㅜㄴㅇㅑ,candidates
분유,ㅂㅜㄴㅇㅠ,krdict
분자,ㅂㅜㄴㅈㅏ,krdict
분지,ㅂㅜㄴㅈㅣ,krdict
분투,ㅂㅜㄴㅌㅜ,krdict
분파,ㅂㅜㄴㅍㅏ,krdict
분포,ㅂㅜㄴㅍㅗ,krdict
부농,ㅂㅜㄴㅗㅇ,krdict
붇다,ㅂㅜㄷㄷㅏ,krdict
부담,ㅂㅜㄷㅏㅁ,candidates
부당,ㅂㅜㄷㅏㅇ,krdict
부대,ㅂㅜㄷㅏㅣ,candidates
부덕,ㅂㅜㄷㅓㄱ,krdict
부동,ㅂㅜㄷㅗㅇ,krdict
불가,ㅂㅜㄹㄱㅏ,krdict
불교,ㅂㅜㄹㄱㅛ,candidates
불구,ㅂㅜㄹㄱㅜ,krdict
불기,ㅂㅜㄹㄱㅣ,krdict
불다,ㅂㅜㄹㄷㅏ,krdict
불리,ㅂㅜㄹㄹㅣ,krdict
불모,ㅂㅜㄹㅁㅗ,krdict
불사,ㅂㅜㄹㅅㅏ,krdict
불소,ㅂㅜㄹㅅㅗ,krdict
불시,ㅂㅜㄹㅅㅣ,krdict
불어,ㅂㅜㄹㅇㅓ,krdict
불우,ㅂㅜㄹㅇㅜ,krdict
불초,ㅂㅜㄹㅊㅗ,krdict
불치,ㅂㅜㄹㅊㅣ,krdict
불티,ㅂㅜㄹㅌㅣ,krdict
불하,ㅂㅜㄹㅎㅏ,krdict
불허,ㅂㅜㄹㅎㅓ,krdict
불효,ㅂㅜㄹㅎㅛ,krdict
불후,ㅂㅜㄹㅎㅜ,krdict
부락,ㅂㅜㄹㅏㄱ,krdict
부럼,ㅂㅜㄹㅓㅁ,krdict
부력,ㅂㅜㄹㅕㄱ,krdict
부록,ㅂㅜㄹㅗㄱ,krdict
부름,ㅂㅜㄹㅡㅁ,krdict
부릉,ㅂㅜㄹㅡㅇ,krdict
부목,ㅂㅜㅁㅗㄱ,krdict
부문,ㅂㅜㅁㅜㄴ,candidates
부분,ㅂㅜㅂㅜㄴ,candidates
붓다,ㅂㅜㅅㄷㅏ,krdict
부산,ㅂㅜㅅㅏㄴ,krdict
부삽,ㅂㅜㅅㅏㅂ,krdict
부상,ㅂㅜㅅㅏㅇ,candidates
부설,ㅂㅜㅅㅓㄹ,krdict
부성,ㅂㅜㅅㅓㅇ,krdict
부속,ㅂㅜㅅㅗㄱ,krdict
부식,ㅂㅜㅅㅣㄱ,krdict
부실,ㅂㅜㅅㅣㄹ,krdict
부심,ㅂㅜㅅㅣㅁ,krdict
붕어,ㅂㅜㅇㅇㅓ,krdict
부양,ㅂㅜㅇㅑㅇ,krdict
부업,ㅂㅜㅇㅓㅂ,krdict
부엉,ㅂㅜㅇㅓㅇ,krdict
부엌,ㅂㅜㅇㅓㅋ,candidates
부역,ㅂㅜㅇㅕㄱ,krdict
부연,ㅂㅜㅇㅕㄴ,krdict
부위,ㅂㅜㅇㅜㅣ,candidates
부음,ㅂㅜㅇㅡㅁ,krdict
부응,ㅂㅜㅇㅡㅇ,krdict
부의,ㅂㅜㅇㅡㅣ,krdict
부인,ㅂㅜㅇㅣㄴ,candidates
부임,ㅂㅜㅇㅣㅁ,krdict
부장,ㅂㅜㅈㅏㅇ,candidates
부재,ㅂㅜㅈㅏㅣ,candidates
부적,ㅂㅜㅈㅓㄱ,krdict
부정,ㅂㅜㅈㅓㅇ,candidates
부제,ㅂㅜㅈㅓㅣ,krdict
부족,ㅂㅜㅈㅗㄱ,candidates
부중,ㅂㅜㅈㅜㅇ,krdict
부진,ㅂㅜㅈㅣㄴ,krdict
부착,ㅂㅜㅊㅏㄱ,krdict
부채,ㅂㅜㅊㅏㅣ,candidates
부촌,ㅂㅜㅊㅗㄴ,krdict
부축,ㅂㅜㅊㅜㄱ,krdict
부칙,ㅂㅜㅊㅣㄱ,krdict
부친,ㅂㅜㅊㅣㄴ,candidates
부침,ㅂㅜㅊㅣㅁ,krdict
부케,ㅂㅜㅋㅓㅣ,krdict
붙다,ㅂㅜㅌㄷㅏ,krdict
부탁,ㅂㅜㅌㅏㄱ,candidates
부탄,ㅂㅜㅌㅏㄴ,krdict
부팅,ㅂㅜㅌㅣㅇ,krdict
부패,ㅂㅜㅍㅏㅣ,krdict
부페,ㅂㅜㅍㅓㅣ,krdict
부풀,ㅂㅜㅍㅜㄹ,krdict
부품,ㅂㅜㅍㅜㅁ,candidates
부합,ㅂㅜㅎㅏㅂ,krdict
부형,ㅂㅜㅎㅕㅇ,krdict
부화,ㅂㅜㅎㅗㅏ,krdict
부흥,ㅂㅜㅎㅡㅇ,krdict
비결,ㅂㅣㄱㅕㄹ,krdict
비계,ㅂㅣㄱㅕㅣ,krdict
비극,ㅂㅣㄱㅡㄱ,candidates
빈도,ㅂㅣㄴㄷㅗ,krdict
빈부,ㅂㅣㄴㅂㅜ,krdict
빈사,ㅂㅣㄴㅅㅏ,krdict
빈소,ㅂㅣㄴㅅㅗ,krdict
비난,ㅂㅣㄴㅏㄴ,candidates
비늘,ㅂㅣㄴㅡㄹ,krdict
비닐,ㅂㅣㄴㅣㄹ,candidates
비단,ㅂㅣㄷㅏㄴ,krdict
비데,ㅂㅣㄷㅓㅣ,krdict
비듬,ㅂㅣㄷㅡㅁ,krdict
빌다,ㅂㅣㄹㄷㅏ,krdict
빌라,ㅂㅣㄹㄹㅏ,krdict
빌미,ㅂㅣㄹㅁㅣ,krdict
비련,ㅂㅣㄹㅕㄴ,krdict
비례,ㅂㅣㄹㅕㅣ,krdict
비록,ㅂㅣㄹㅗㄱ,krdict
비만,ㅂㅣㅁㅏㄴ,candidates
비명,ㅂㅣㅁㅕㅇ,candidates
비밀,ㅂㅣㅁㅣㄹ,candidates
비방,ㅂㅣㅂㅏㅇ,krdict
비법,ㅂㅣㅂㅓㅂ,krdict
빗다,ㅂㅣㅅㄷㅏ,krdict
비상,ㅂㅣㅅㅏㅇ,candidates
비석,ㅂㅣㅅㅓㄱ,krdict
빙수,ㅂㅣㅇㅅㅜ,krdict
빙어,ㅂㅣㅇㅇㅓ,krdict
빙자,ㅂㅣㅇㅈㅏ,krdict
빙하,ㅂㅣㅇㅎㅏ,krdict
비애,ㅂㅣㅇㅏㅣ,krdict
비열,ㅂㅣㅇㅕㄹ,krdict
비염,ㅂㅣㅇㅕㅁ,krdict
비옷,ㅂㅣㅇㅗㅅ,krdict
비용,ㅂㅣㅇㅛㅇ,candidates
비운,ㅂㅣㅇㅜㄴ,krdict
비위,ㅂㅣㅇㅜㅣ,krdict
비율,ㅂㅣㅇㅠㄹ,candidates
비읍,ㅂㅣㅇㅡㅂ,krdict
빚다,ㅂㅣㅈㄷㅏ,krdict
비장,ㅂㅣㅈㅏㅇ,krdict
비전,ㅂㅣㅈㅓㄴ,krdict
비정,ㅂㅣㅈㅓㅇ,krdict
비준,ㅂㅣㅈㅜㄴ,krdict
비중,ㅂㅣㅈㅜㅇ,candidates
비질,ㅂㅣㅈㅣㄹ,krdict
비참,ㅂㅣㅊㅏㅁ,krdict
비축,ㅂㅣㅊㅜㄱ,krdict
비취,ㅂㅣㅊㅜㅣ,krdict
비탄,ㅂㅣㅌㅏㄴ,krdict
비탈,ㅂㅣㅌㅏㄹ,krdict
비통,ㅂㅣㅌㅗㅇ,krdict
비판,ㅂㅣㅍㅏㄴ,candidates
비평,ㅂㅣㅍㅕㅇ,krdict
비품,ㅂㅣㅍㅜㅁ,krdict
비화,ㅂㅣㅎㅗㅏ,krdict
싸다,ㅅㅅㅏㄷㅏ,krdict
쌩,ㅅㅅㅏㅣㅇ,krdict
쏘다,ㅅㅅㅗㄷㅏ,krdict
쑤다,ㅅㅅㅜㄷㅏ,krdict
쓰기,ㅅㅅㅡㄱㅣ,krdict
쓰다,ㅅㅅㅡㄷㅏ,krdict
삭다,ㅅㅏㄱㄷㅏ,krdict
사각,ㅅㅏㄱㅏㄱ,krdict
사건,ㅅㅏㄱㅓㄴ,candidates
사격,ㅅㅏㄱㅕㄱ,krdict
사견,ㅅㅏㄱㅕㄴ,krdict
사경,ㅅㅏㄱㅕㅇ,krdict
사계,ㅅㅏㄱㅕㅣ,krdict
사골,ㅅㅏㄱㅗㄹ,krdict
사공,ㅅㅏㄱㅗㅇ,krdict
사과,ㅅㅏㄱㅗㅏ,candidates
사극,ㅅㅏㄱㅡㄱ,krdict
사금,ㅅㅏㄱㅡㅁ,krdict
산고,ㅅㅏㄴㄱㅗ,krdict
산기,ㅅㅏㄴㄱㅣ,krdict
산모,ㅅㅏㄴㅁㅗ,krdict
산보,ㅅㅏㄴㅂㅗ,krdict
산사,ㅅㅏㄴㅅㅏ,krdict
산소,ㅅㅏㄴㅅㅗ,candidates
산수,ㅅㅏㄴㅅㅜ,krdict
산지,ㅅㅏㄴㅈㅣ,krdict
산타,ㅅㅏㄴㅌㅏ,krdict
산파,ㅅㅏㄴㅍㅏ,krdict
산하,ㅅㅏㄴㅎㅏ,krdict
산호,ㅅㅏㄴㅎㅗ,krdict
산후,ㅅㅏㄴㅎㅜ,krdict
사내,ㅅㅏㄴㅏㅣ,krdict
사냥,ㅅㅏㄴㅑㅇ,candidates
사념,ㅅㅏㄴㅕㅁ,krdict
사또,ㅅㅏㄷㄷㅗ,krdict
사단,ㅅㅏㄷㅏㄴ,krdict
사달,ㅅㅏㄷㅏㄹ,krdict
사담,ㅅㅏㄷㅏㅁ,krdict
사당,ㅅㅏㄷㅏㅇ,krdict
사대,ㅅㅏㄷㅏㅣ,krdict
사돈,ㅅㅏㄷㅗㄴ,krdict
사동,ㅅㅏㄷㅗㅇ,krdict
사둔,ㅅㅏㄷㅜㄴ,krdict
살구,ㅅㅏㄹㄱㅜ,krdict
살기,ㅅㅏㄹㄱㅣ,krdict
살다,ㅅㅏㄹㄷㅏ,krdict
살사,ㅅㅏㄹㅅㅏ,krdict
살포,ㅅㅏㄹㅍㅗ,krdict
사람,ㅅㅏㄹㅏㅁ,candidates
사랑,ㅅㅏㄹㅏㅇ,candidates
사력,ㅅㅏㄹㅕㄱ,krdict
사례,ㅅㅏㄹㅕㅣ,candidates
사립,ㅅㅏㄹㅣㅂ,candidates
삼가,ㅅㅏㅁㄱㅏ,krdict
삼다,ㅅㅏㅁㄷㅏ,krdict
삼루,ㅅㅏㅁㄹㅜ,krdict
삼류,ㅅㅏㅁㄹㅠ,krdict
삼수,ㅅㅏㅁㅅㅜ,krdict
삼시,ㅅㅏㅁㅅㅣ,krdict
삼자,ㅅㅏㅁㅈㅏ,krdict
삼치,ㅅㅏㅁㅊㅣ,krdict
사막,ㅅㅏㅁㅏㄱ,krdict
사망,ㅅㅏㅁㅏㅇ,candidates
사면,ㅅㅏㅁㅕㄴ,krdict
사멸,ㅅㅏㅁㅕㄹ,krdict
사명,ㅅㅏㅁㅕㅇ,krdict
사물,ㅅㅏㅁㅜㄹ,candidates
사뭇,ㅅㅏㅁㅜㅅ,krdict
사발,ㅅㅏㅂㅏㄹ,krdict
사방,ㅅㅏㅂㅏㅇ,candidates
사범,ㅅㅏㅂㅓㅁ,krdict
사법,ㅅㅏㅂㅓㅂ,krdict
사변,ㅅㅏㅂㅕㄴ,krdict
사별,ㅅㅏㅂㅕㄹ,krdict
사병,ㅅㅏㅂㅕㅇ,krdict
사복,ㅅㅏㅂㅗㄱ,krdict
사본,ㅅㅏㅂㅗㄴ,krdict
사산,ㅅㅏㅅㅏㄴ,krdict
사살,ㅅㅏㅅㅏㄹ,krdict
사상,ㅅㅏㅅㅏㅇ,candidates
사석,ㅅㅏㅅㅓㄱ,krdict
사선,ㅅㅏㅅㅓㄴ,krdict
사설,ㅅㅏㅅㅓㄹ,candidates
사슬,ㅅㅏㅅㅡㄹ,krdict
사슴,ㅅㅏㅅㅡㅁ,candidates
사식,ㅅㅏㅅㅣㄱ,krdict
사신,ㅅㅏㅅㅣㄴ,krdict
사실,ㅅㅏㅅㅣㄹ,candidates
사심,ㅅㅏㅅㅣㅁ,krdict
사십,ㅅㅏㅅㅣㅂ,krdict
상가,ㅅㅏㅇㄱㅏ,krdict
상고,ㅅㅏㅇㄱㅗ,krdict
상기,ㅅㅏㅇㄱㅣ,krdict
상류,ㅅㅏㅇㄹㅠ,candidates
상무,ㅅㅏㅇㅁㅜ,krdict
상보,ㅅㅏㅇㅂㅗ,krdict
상부,ㅅㅏㅇㅂㅜ,krdict
상사,ㅅㅏㅇㅅㅏ,krdict
상소,ㅅㅏㅇㅅㅗ,krdict
상수,ㅅㅏㅇㅅㅜ,krdict
상시,ㅅㅏㅇㅅㅣ,krdict
상아,ㅅㅏㅇㅇㅏ,krdict
상어,ㅅㅏㅇㅇㅓ,krdict
상여,ㅅㅏㅇㅇㅕ,krdict
상자,ㅅㅏㅇㅈㅏ,candidates
상주,ㅅㅏㅇㅈㅜ,krdict
상처,ㅅㅏㅇㅊㅓ,candidates
상추,ㅅㅏㅇㅊㅜ,candidates
상치,ㅅㅏㅇㅊㅣ,krdict
상투,ㅅㅏㅇㅌㅜ,krdict
상표,ㅅㅏㅇㅍㅛ,candidates
상하,ㅅㅏㅇㅎㅏ,krdict
상호,ㅅㅏㅇㅎㅗ,krdict
사안,ㅅㅏㅇㅏㄴ,krdict
사약,ㅅㅏㅇㅑㄱ,krdict
사양,ㅅㅏㅇㅑㅇ,krdict
사업,ㅅㅏㅇㅓㅂ,candidates
사역,ㅅㅏㅇㅕㄱ,krdict
사연,ㅅㅏㅇㅕㄴ,krdict
사열,ㅅㅏㅇㅕㄹ,krdict
사옥,ㅅㅏㅇㅗㄱ,krdict
사외,ㅅㅏㅇㅗㅣ,krdict
사욕,ㅅㅏㅇㅛㄱ,krdict
사용,ㅅㅏㅇㅛㅇ,candidates
사위,ㅅㅏㅇㅜㅣ,candidates
사육,ㅅㅏㅇㅠㄱ,krdict
사은,ㅅㅏㅇㅡㄴ,krdict
사의,ㅅㅏㅇㅡㅣ,krdict
사익,ㅅㅏㅇㅣㄱ,krdict
사인,ㅅㅏㅇㅣㄴ,krdict
사임,ㅅㅏㅇㅣㅁ,krdict
사장,ㅅㅏㅈㅏㅇ,candidates
사재,ㅅㅏㅈㅏㅣ,krdict
사적,ㅅㅏㅈㅓㄱ,krdict
사전,ㅅㅏㅈㅓㄴ,candidates
사절,ㅅㅏㅈㅓㄹ,krdict
사정,ㅅㅏㅈㅓㅇ,candidates
사제,ㅅㅏㅈㅓㅣ,krdict
사족,ㅅㅏㅈㅗㄱ,krdict
사죄,ㅅㅏㅈㅗㅣ,krdict
사죽,ㅅㅏㅈㅜㄱ,krdict
사직,ㅅㅏㅈㅣㄱ,krdict
사진,ㅅㅏㅈㅣㄴ,candidates
사찰,ㅅㅏㅊㅏㄹ,krdict
사채,ㅅㅏㅊㅏㅣ,krdict
사철,ㅅㅏㅊㅓㄹ,krdict
사체,ㅅㅏㅊㅓㅣ,krdict
사촌,ㅅㅏㅊㅗㄴ,candidates
사칭,ㅅㅏㅊㅣㅇ,krdict
샅바,ㅅㅏㅌㅂㅏ,krdict
사탄,ㅅㅏㅌㅏㄴ,krdict
사탕,ㅅㅏㅌㅏㅇ,candidates
사태,ㅅㅏㅌㅏㅣ,krdict
사퇴,ㅅㅏㅌㅗㅣ,krdict
사학,ㅅㅏㅎㅏㄱ,krdict
사항,ㅅㅏㅎㅏㅇ,krdict
사해,ㅅㅏㅎㅏㅣ,krdict
사형,ㅅㅏㅎㅕㅇ,krdict
사회,ㅅㅏㅎㅗㅣ,candidates
사흘,ㅅㅏㅎㅡㄹ,candidates
새다,ㅅㅏㅣㄷㅏ,krdict
새로,ㅅㅏㅣㄹㅗ,krdict
새우,ㅅㅏㅣㅇㅜ,candidates
새치,ㅅㅏㅣㅊㅣ,krdict
샴푸,ㅅㅑㅁㅍㅜ,krdict
샤워,ㅅㅑㅇㅜㅓ,candidates
석가,ㅅㅓㄱㄱㅏ,krdict
석기,ㅅㅓㄱㄱㅣ,krdict
석류,ㅅㅓㄱㄹㅠ,krdict
석사,ㅅㅓㄱㅅㅏ,candidates
석수,ㅅㅓㄱㅅㅜ,krdict
석유,ㅅㅓㄱㅇㅠ,candidates
석조,ㅅㅓㄱㅈㅗ,krdict
석차,ㅅㅓㄱㅊㅏ,krdict
서곡,ㅅㅓㄱㅗㄱ,krdict
선거,ㅅㅓㄴㄱㅓ,candidates
선고,ㅅㅓㄴㄱㅗ,krdict
선교,ㅅㅓㄴㄱㅛ,krdict
선녀,ㅅㅓㄴㄴㅕ,krdict
선도,ㅅㅓㄴㄷㅗ,krdict
선두,ㅅㅓㄴㄷㅜ,krdict
선로,ㅅㅓㄴㄹㅗ,krdict
선비,ㅅㅓㄴㅂㅣ,krdict
선사,ㅅㅓㄴㅅㅏ,krdict
선서,ㅅㅓㄴㅅㅓ,krdict
선수,ㅅㅓㄴㅅㅜ,candidates
선조,ㅅㅓㄴㅈㅗ,krdict
선주,ㅅㅓㄴㅈㅜ,krdict
선지,ㅅㅓㄴㅈㅣ,krdict
선처,ㅅㅓㄴㅊㅓ,krdict
선포,ㅅㅓㄴㅍㅗ,krdict
선호,ㅅㅓㄴㅎㅗ,krdict
선후,ㅅㅓㄴㅎㅜ,krdict
서남,ㅅㅓㄴㅏㅁ,krdict
서넛,ㅅㅓㄴㅓㅅ,krdict
서녘,ㅅㅓㄴㅕㅋ,krdict
서당,ㅅㅓㄷㅏㅇ,krdict
설교,ㅅㅓㄹㄱㅛ,krdict
설다,ㅅㅓㄹㄷㅏ,krdict
설마,ㅅㅓㄹㅁㅏ,krdict
설비,ㅅㅓㄹㅂㅣ,krdict
설사,ㅅㅓㄹㅅㅏ,krdict
설치,ㅅㅓㄹㅊㅣ,candidates
설파,ㅅㅓㄹㅍㅏ,krdict
서랍,ㅅㅓㄹㅏㅂ,candidates
서론,ㅅㅓㄹㅗㄴ,krdict
서른,ㅅㅓㄹㅡㄴ,krdict
섬유,ㅅㅓㅁㅇㅠ,krdict
서막,ㅅㅓㅁㅏㄱ,krdict
서면,ㅅㅓㅁㅕㄴ,krdict
서명,ㅅㅓㅁㅕㅇ,candidates
서문,ㅅㅓㅁㅜㄴ,krdict
서민,ㅅㅓㅁㅣㄴ,candidates
섭리,ㅅㅓㅂㄹㅣ,krdict
서방,ㅅㅓㅂㅏㅇ,krdict
서법,ㅅㅓㅂㅓㅂ,krdict
서북,ㅅㅓㅂㅜㄱ,krdict
서빙,ㅅㅓㅂㅣㅇ,krdict
서설,ㅅㅓㅅㅓㄹ,krdict
서술,ㅅㅓㅅㅜㄹ,krdict
서슬,ㅅㅓㅅㅡㄹ,krdict
서식,ㅅㅓㅅㅣㄱ,krdict
서신,ㅅㅓㅅㅣㄴ,krdict
서실,ㅅㅓㅅㅣㄹ,krdict
성가,ㅅㅓㅇㄱㅏ,krdict
성교,ㅅㅓㅇㄱㅛ,krdict
성기,ㅅㅓㅇㄱㅣ,krdict
성녀,ㅅㅓㅇㄴㅕ,krdict
성도,ㅅㅓㅇㄷㅗ,krdict
성묘,ㅅㅓㅇㅁㅛ,krdict
성미,ㅅㅓㅇㅁㅣ,krdict
성비,ㅅㅓㅇㅂㅣ,krdict
성사,ㅅㅓㅇㅅㅏ,krdict
성서,ㅅㅓㅇㅅㅓ,krdict
성우,ㅅㅓㅇㅇㅜ,krdict
성자,ㅅㅓㅇㅈㅏ,krdict
성조,ㅅㅓㅇㅈㅗ,krdict
성주,ㅅㅓㅇㅈㅜ,krdict
성지,ㅅㅓㅇㅈㅣ,krdict
성터,ㅅㅓㅇㅌㅓ,krdict
성토,ㅅㅓㅇㅌㅗ,krdict
성호,ㅅㅓㅇㅎㅗ,krdict
성히,ㅅㅓㅇㅎㅣ,krdict
서약,ㅅㅓㅇㅑㄱ,krdict
서양,ㅅㅓㅇㅑㅇ,candidates
서열,ㅅㅓㅇㅕㄹ,krdict
서예,ㅅㅓㅇㅕㅣ,krdict
서울,ㅅㅓㅇㅜㄹ,krdict
서장,ㅅㅓㅈㅏㅇ,krdict
서재,ㅅㅓㅈㅏㅣ,krdict
서적,ㅅㅓㅈㅓㄱ,candidates
서점,ㅅㅓㅈㅓㅁ,candidates
서찰,ㅅㅓㅊㅏㄹ,krdict
서체,ㅅㅓㅊㅓㅣ,krdict
서클,ㅅㅓㅋㅡㄹ,candidates
서편,ㅅㅓㅍㅕㄴ,krdict
서평,ㅅㅓㅍㅕㅇ,krdict
서푼,ㅅㅓㅍㅜㄴ,krdict
서풍,ㅅㅓㅍㅜㅇ,krdict
서핑,ㅅㅓㅍㅣㅇ,krdict
서한,ㅅㅓㅎㅏㄴ,krdict
서해,ㅅㅓㅎㅏㅣ,krdict
서향,ㅅㅓㅎㅑㅇ,krdict
서화,ㅅㅓㅎㅗㅏ,krdict
세기,ㅅㅓㅣㄱㅣ,candidates
세다,ㅅㅓㅣㄷㅏ,krdict
세도,ㅅㅓㅣㄷㅗ,krdict
세로,ㅅㅓㅣㄹㅗ,candidates
세모,ㅅㅓㅣㅁㅗ,krdict
세무,ㅅㅓㅣㅁㅜ,krdict
세부,ㅅㅓㅣㅂㅜ,krdict
세비,ㅅㅓㅣㅂㅣ,krdict
세수,ㅅㅓㅣㅅㅜ,candidates
세시,ㅅㅓㅣㅅㅣ,krdict
세자,ㅅㅓㅣㅈㅏ,krdict
세차,ㅅㅓㅣㅊㅏ,krdict
세트,ㅅㅓㅣㅌㅡ,candidates
세파,ㅅㅓㅣㅍㅏ,krdict
세포,ㅅㅓㅣㅍㅗ,krdict
세후,ㅅㅓㅣㅎㅜ,krdict
셰프,ㅅㅕㅣㅍㅡ,krdict
속기,ㅅㅗㄱㄱㅣ,krdict
속다,ㅅㅗㄱㄷㅏ,krdict
속도,ㅅㅗㄱㄷㅗ,candidates
속보,ㅅㅗㄱㅂㅗ,krdict
속어,ㅅㅗㄱㅇㅓ,krdict
속히,ㅅㅗㄱㅎㅣ,krdict
소각,ㅅㅗㄱㅏㄱ,krdict
소감,ㅅㅗㄱㅏㅁ,krdict
소개,ㅅㅗㄱㅏㅣ,candidates
소견,ㅅㅗㄱㅕㄴ,krdict
소경,ㅅㅗㄱㅕㅇ,krdict
소계,ㅅㅗㄱㅕㅣ,krdict
소굴,ㅅㅗㄱㅜㄹ,krdict
소금,ㅅㅗㄱㅡㅁ,candidates
소급,ㅅㅗㄱㅡㅂ,krdict
손녀,ㅅㅗㄴㄴㅕ,candidates
손수,ㅅㅗㄴㅅㅜ,krdict
손자,ㅅㅗㄴㅈㅏ,candidates
손주,ㅅㅗㄴㅈㅜ,krdict
소년,ㅅㅗㄴㅕㄴ,candidates
소뇌,ㅅㅗㄴㅗㅣ,krdict
소띠,ㅅㅗㄷㄷㅣ,krdict
소대,ㅅㅗㄷㅏㅣ,krdict
소독,ㅅㅗㄷㅗㄱ,krdict
소동,ㅅㅗㄷㅗㅇ,krdict
소득,ㅅㅗㄷㅡㄱ,candidates
소등,ㅅㅗㄷㅡㅇ,krdict
솔가,ㅅㅗㄹㄱㅏ,krdict
솔기,ㅅㅗㄹㄱㅣ,krdict
솔로,ㅅㅗㄹㄹㅗ,krdict
소란,ㅅㅗㄹㅏㄴ,krdict
소량,ㅅㅗㄹㅑㅇ,krdict
소련,ㅅㅗㄹㅕㄴ,krdict
소령,ㅅㅗㄹㅕㅇ,krdict
소론,ㅅㅗㄹㅗㄴ,krdict
소름,ㅅㅗㄹㅡㅁ,krdict
소만,ㅅㅗㅁㅏㄴ,krdict
소망,ㅅㅗㅁㅏㅇ,candidates
소매,ㅅㅗㅁㅏㅣ,candidates
소멸,ㅅㅗㅁㅕㄹ,krdict
소명,ㅅㅗㅁㅕㅇ,krdict
소문,ㅅㅗㅁㅜㄴ,candidates
소박,ㅅㅗㅂㅏㄱ,krdict
소반,ㅅㅗㅂㅏㄴ,krdict
소방,ㅅㅗㅂㅏㅇ,krdict
소변,ㅅㅗㅂㅕㄴ,krdict
소복,ㅅㅗㅂㅗㄱ,krdict
솟다,ㅅㅗㅅㄷㅏ,krdict
소산,ㅅㅗㅅㅏㄴ,krdict
소설,ㅅㅗㅅㅓㄹ,candidates
소속,ㅅㅗㅅㅗㄱ,candidates
소송,ㅅㅗㅅㅗㅇ,krdict
소식,ㅅㅗㅅㅣㄱ,candidates
소신,ㅅㅗㅅㅣㄴ,krdict
소실,ㅅㅗㅅㅣㄹ,krdict
송가,ㅅㅗㅇㄱㅏ,krdict
송고,ㅅㅗㅇㄱㅗ,krdict
송구,ㅅㅗㅇㄱㅜ,krdict
송부,ㅅㅗㅇㅂㅜ,krdict
송사,ㅅㅗㅇㅅㅏ,krdict
송어,ㅅㅗㅇㅇㅓ,krdict
송이,ㅅㅗㅇㅇㅣ,candidates
송치,ㅅㅗㅇㅊㅣ,krdict
소양,ㅅㅗㅇㅑㅇ,krdict
소외,ㅅㅗㅇㅗㅣ,krdict
소용,ㅅㅗㅇㅛㅇ,candidates
소위,ㅅㅗㅇㅜㅣ,krdict
소음,ㅅㅗㅇㅡㅁ,candidates
소인,ㅅㅗㅇㅣㄴ,krdict
소일,ㅅㅗㅇㅣㄹ,krdict
소임,ㅅㅗㅇㅣㅁ,krdict
소작,ㅅㅗㅈㅏㄱ,krdict
소장,ㅅㅗㅈㅏㅇ,krdict
소재,ㅅㅗㅈㅏㅣ,candidates
소절,ㅅㅗㅈㅓㄹ,krdict
소정,ㅅㅗㅈㅓㅇ,krdict
소제,ㅅㅗㅈㅓㅣ,krdict
소진,ㅅㅗㅈㅣㄴ,krdict
소질,ㅅㅗㅈㅣㄹ,candidates
소집,ㅅㅗㅈㅣㅂ,krdict
소철,ㅅㅗㅊㅓㄹ,krdict
소청,ㅅㅗㅊㅓㅇ,krdict
소총,ㅅㅗㅊㅗㅇ,krdict
소출,ㅅㅗㅊㅜㄹ,krdict
소탕,ㅅㅗㅌㅏㅇ,krdict
소태,ㅅㅗㅌㅏㅣ,krdict
소통,ㅅㅗㅌㅗㅇ,krdict
소폭,ㅅㅗㅍㅗㄱ,krdict
소품,ㅅㅗㅍㅜㅁ,krdict
소풍,ㅅㅗㅍㅜㅇ,candidates
소한,ㅅㅗㅎㅏㄴ,krdict
소형,ㅅㅗㅎㅕㅇ,candidates
소홀,ㅅㅗㅎㅗㄹ,krdict
소화,ㅅㅗㅎㅗㅏ,candidates
소회,ㅅㅗㅎㅗㅣ,krdict
쇠다,ㅅㅗㅣㄷㅏ,krdict
쇼핑,ㅅㅛㅍㅣㅇ,candidates
숙고,ㅅㅜㄱㄱㅗ,krdict
숙녀,ㅅㅜㄱㄴㅕ,candidates
숙모,ㅅㅜㄱㅁㅗ,krdict
숙부,ㅅㅜㄱㅂㅜ,krdict
숙소,ㅅㅜㄱㅅㅗ,candidates
숙어,ㅅㅜㄱㅇㅓ,krdict
숙주,ㅅㅜㄱㅈㅜ,krdict
수감,ㅅㅜㄱㅏㅁ,krdict
수갑,ㅅㅜㄱㅏㅂ,krdict
수강,ㅅㅜㄱㅏㅇ,krdict
수건,ㅅㅜㄱㅓㄴ,candidates
수경,ㅅㅜㄱㅕㅇ,krdict
수공,ㅅㅜㄱㅗㅇ,krdict
수괴,ㅅㅜㄱㅗㅣ,krdict
수국,ㅅㅜㄱㅜㄱ,krdict
수금,ㅅㅜㄱㅡㅁ,krdict
수급,ㅅㅜㄱㅡㅂ,krdict
수긍,ㅅㅜㄱㅡㅇ,krdict
순교,ㅅㅜㄴㄱㅛ,krdict
순도,ㅅㅜㄴㄷㅗ,krdict
순리,ㅅㅜㄴㄹㅣ,krdict
순서,ㅅㅜㄴㅅㅓ,candidates
순수,ㅅㅜㄴㅅㅜ,candidates
순시,ㅅㅜㄴㅅㅣ,krdict
순차,ㅅㅜㄴㅊㅏ,krdict
수난,ㅅㅜㄴㅏㄴ,krdict
수납,ㅅㅜㄴㅏㅂ,krdict
수년,ㅅㅜㄴㅕㄴ,candidates
수놈,ㅅㅜㄴㅗㅁ,krdict
수뇌,ㅅㅜㄴㅗㅣ,krdict
수능,ㅅㅜㄴㅡㅇ,krdict
수단,ㅅㅜㄷㅏㄴ,candidates
수달,ㅅㅜㄷㅏㄹ,krdict
수당,ㅅㅜㄷㅏㅇ,krdict
수동,ㅅㅜㄷㅗㅇ,krdict
술수,ㅅㅜㄹㅅㅜ,krdict
술어,ㅅㅜㄹㅇㅓ,krdict
수락,ㅅㅜㄹㅏㄱ,krdict
수량,ㅅㅜㄹㅑㅇ,krdict
수렁,ㅅㅜㄹㅓㅇ,krdict
수레,ㅅㅜㄹㅓㅣ,krdict
수력,ㅅㅜㄹㅕㄱ,krdict
수련,ㅅㅜㄹㅕㄴ,krdict
수렴,ㅅㅜㄹㅕㅁ,krdict
수렵,ㅅㅜㄹㅕㅂ,krdict
수령,ㅅㅜㄹㅕㅇ,krdict
수록,ㅅㅜㄹㅗㄱ,krdict
수뢰,ㅅㅜㄹㅗㅣ,krdict
수륙,ㅅㅜㄹㅠㄱ,krdict
수립,ㅅㅜㄹㅣㅂ,krdict
숨다,ㅅㅜㅁㄷㅏ,krdict
수만,ㅅㅜㅁㅏㄴ,krdict
수매,ㅅㅜㅁㅏㅣ,krdict
수면,ㅅㅜㅁㅕㄴ,candidates
수명,ㅅㅜㅁㅕㅇ,candidates
수목,ㅅㅜㅁㅗㄱ,krdict
수몰,ㅅㅜㅁㅗㄹ,krdict
수묵,ㅅㅜㅁㅜㄱ,krdict
수문,ㅅㅜㅁㅜㄴ,krdict
수박,ㅅㅜㅂㅏㄱ,candidates
수반,ㅅㅜㅂㅏㄴ,krdict
수발,ㅅㅜㅂㅏㄹ,krdict
수배,ㅅㅜㅂㅏㅣ,krdict
수법,ㅅㅜㅂㅓㅂ,krdict
수복,ㅅㅜㅂㅗㄱ,krdict
수분,ㅅㅜㅂㅜㄴ,krdict
숫기,ㅅㅜㅅㄱㅣ,krdict
숫자,ㅅㅜㅅㅈㅏ,candidates
수산,ㅅㅜㅅㅏㄴ,krdict
수삼,ㅅㅜㅅㅏㅁ,krdict
수상,ㅅㅜㅅㅏㅇ,candidates
수석,ㅅㅜㅅㅓㄱ,candidates
수선,ㅅㅜㅅㅓㄴ,krdict
수성,ㅅㅜㅅㅓㅇ,krdict
수세,ㅅㅜㅅㅓㅣ,krdict
수속,ㅅㅜㅅㅗㄱ,krdict
수송,ㅅㅜㅅㅗㅇ,krdict
수순,ㅅㅜㅅㅜㄴ,krdict
수술,ㅅㅜㅅㅜㄹ,candidates
수습,ㅅㅜㅅㅡㅂ,krdict
수식,ㅅㅜㅅㅣㄱ,krdict
수신,ㅅㅜㅅㅣㄴ,krdict
수실,ㅅㅜㅅㅣㄹ,krdict
수심,ㅅㅜㅅㅣㅁ,krdict
수십,ㅅㅜㅅㅣㅂ,krdict
숭어,ㅅㅜㅇㅇㅓ,krdict
수압,ㅅㅜㅇㅏㅂ,krdict
수양,ㅅㅜㅇㅑㅇ,krdict
수억,ㅅㅜㅇㅓㄱ,krdict
수업,ㅅㅜㅇㅓㅂ,candidates
수역,ㅅㅜㅇㅕㄱ,krdict
수열,ㅅㅜㅇㅕㄹ,krdict
수염,ㅅㅜㅇㅕㅁ,candidates
수영,ㅅㅜㅇㅕㅇ,candidates
수예,ㅅㅜㅇㅕㅣ,krdict
수온,ㅅㅜㅇㅗㄴ,krdict
수용,ㅅㅜㅇㅛㅇ,krdict
수위,ㅅㅜㅇㅜㅣ,krdict
수육,ㅅㅜㅇㅠㄱ,krdict
수은,ㅅㅜㅇㅡㄴ,krdict
수의,ㅅㅜㅇㅡㅣ,krdict
수익,ㅅㅜㅇㅣㄱ,krdict
수일,ㅅㅜㅇㅣㄹ,krdict
수임,ㅅㅜㅇㅣㅁ,krdict
수입,ㅅㅜㅇㅣㅂ,candidates
수작,ㅅㅜㅈㅏㄱ,krdict
수장,ㅅㅜㅈㅏㅇ,krdict
수재,ㅅㅜㅈㅏㅣ,krdict
수적,ㅅㅜㅈㅓㄱ,krdict
수절,ㅅㅜㅈㅓㄹ,krdict
수정,ㅅㅜㅈㅓㅇ,krdict
수제,ㅅㅜㅈㅓㅣ,krdict
수족,ㅅㅜㅈㅗㄱ,krdict
수종,ㅅㅜㅈㅗㅇ,krdict
수준,ㅅㅜㅈㅜㄴ,candidates
수중,ㅅㅜㅈㅜㅇ,krdict
수직,ㅅㅜㅈㅣㄱ,krdict
수질,ㅅㅜㅈㅣㄹ,krdict
수집,ㅅㅜㅈㅣㅂ,candidates
수채,ㅅㅜㅊㅏㅣ,krdict
수천,ㅅㅜㅊㅓㄴ,krdict
수첩,ㅅㅜㅊㅓㅂ,krdict
수청,ㅅㅜㅊㅓㅇ,krdict
수축,ㅅㅜㅊㅜㄱ,krdict
수출,ㅅㅜㅊㅜㄹ,candidates
수취,ㅅㅜㅊㅜㅣ,krdict
수칙,ㅅㅜㅊㅣㄱ,krdict
수캐,ㅅㅜㅋㅏㅣ,krdict
수컷,ㅅㅜㅋㅓㅅ,candidates
수탁,ㅅㅜㅌㅏㄱ,krdict
수탈,ㅅㅜㅌㅏㄹ,krdict
수태,ㅅㅜㅌㅏㅣ,krdict
수판,ㅅㅜㅍㅏㄴ,krdict
수평,ㅅㅜㅍㅕㅇ,krdict
수풀,ㅅㅜㅍㅜㄹ,krdict
수필,ㅅㅜㅍㅣㄹ,candidates
수학,ㅅㅜㅎㅏㄱ,candidates
수해,ㅅㅜㅎㅏㅣ,krdict
수험,ㅅㅜㅎㅓㅁ,krdict
수혈,ㅅㅜㅎㅕㄹ,krdict
수형,ㅅㅜㅎㅕㅇ,krdict
수혜,ㅅㅜㅎㅕㅣ,krdict
수화,ㅅㅜㅎㅗㅏ,krdict
수회,ㅅㅜㅎㅗㅣ,krdict
수훈,ㅅㅜㅎㅜㄴ,krdict
쉬다,ㅅㅜㅣㄷㅏ,krdict
쉬이,ㅅㅜㅣㅇㅣ,krdict
슈팅,ㅅㅠㅌㅣㅇ,krdict
스님,ㅅㅡㄴㅣㅁ,candidates
슬기,ㅅㅡㄹㄱㅣ,krdict
슬다,ㅅㅡㄹㄷㅏ,krdict
슬피,ㅅㅡㄹㅍㅣ,krdict
슬하,ㅅㅡㄹㅎㅏ,krdict
스릴,ㅅㅡㄹㅣㄹ,krdict
스물,ㅅㅡㅁㅜㄹ,krdict
습기,ㅅㅡㅂㄱㅣ,candidates
습도,ㅅㅡㅂㄷㅗ,krdict
습지,ㅅㅡㅂㅈㅣ,krdict
스승,ㅅㅡㅅㅡㅇ,candidates
승려,ㅅㅡㅇㄹㅕ,krdict
승리,ㅅㅡㅇㄹㅣ,candidates
승마,ㅅㅡㅇㅁㅏ,krdict
승무,ㅅㅡㅇㅁㅜ,krdict
승부,ㅅㅡㅇㅂㅜ,candidates
승소,ㅅㅡㅇㅅㅗ,krdict
승자,ㅅㅡㅇㅈㅏ,krdict
승차,ㅅㅡㅇㅊㅏ,krdict
스틱,ㅅㅡㅌㅣㄱ,krdict
스팀,ㅅㅡㅌㅣㅁ,krdict
스푼,ㅅㅡㅍㅜㄴ,krdict
스핀,ㅅㅡㅍㅣㄴ,krdict
식구,ㅅㅣㄱㄱㅜ,candidates
식기,ㅅㅣㄱㄱㅣ,candidates
식다,ㅅㅣㄱㄷㅏ,krdict
식도,ㅅㅣㄱㄷㅗ,krdict
식모,ㅅㅣㄱㅁㅗ,krdict
식비,ㅅㅣㄱㅂㅣ,krdict
식사,ㅅㅣㄱㅅㅏ,candidates
식수,ㅅㅣㄱㅅㅜ,krdict
식자,ㅅㅣㄱㅈㅏ,krdict
식초,ㅅㅣㄱㅊㅗ,candidates
식후,ㅅㅣㄱㅎㅜ,krdict
시각,ㅅㅣㄱㅏㄱ,candidates
시간,ㅅㅣㄱㅏㄴ,candidates
시계,ㅅㅣㄱㅕㅣ,candidates
시골,ㅅㅣㄱㅗㄹ,candidates
시공,ㅅㅣㄱㅗㅇ,krdict
시국,ㅅㅣㄱㅜㄱ,krdict
시급,ㅅㅣㄱㅡㅂ,krdict
신고,ㅅㅣㄴㄱㅗ,candidates
신교,ㅅㅣㄴㄱㅛ,krdict
신구,ㅅㅣㄴㄱㅜ,krdict
신규,ㅅㅣㄴㄱㅠ,candidates
신기,ㅅㅣㄴㄱㅣ,krdict
신다,ㅅㅣㄴㄷㅏ,krdict
신도,ㅅㅣㄴㄷㅗ,krdict
신라,ㅅㅣㄴㄹㅏ,krdict
신부,ㅅㅣㄴㅂㅜ,candidates
신비,ㅅㅣㄴㅂㅣ,candidates
신사,ㅅㅣㄴㅅㅏ,candidates
신수,ㅅㅣㄴㅅㅜ,krdict
신어,ㅅㅣㄴㅇㅓ,krdict
신자,ㅅㅣㄴㅈㅏ,krdict
신조,ㅅㅣㄴㅈㅗ,krdict
신주,ㅅㅣㄴㅈㅜ,krdict
신차,ㅅㅣㄴㅊㅏ,krdict
신파,ㅅㅣㄴㅍㅏ,krdict
신하,ㅅㅣㄴㅎㅏ,krdict
신호,ㅅㅣㄴㅎㅗ,candidates
시내,ㅅㅣㄴㅏㅣ,candidates
시늉,ㅅㅣㄴㅠㅇ,krdict
싣다,ㅅㅣㄷㄷㅏ,krdict
시달,ㅅㅣㄷㅏㄹ,krdict
시대,ㅅㅣㄷㅏㅣ,candidates
시동,ㅅㅣㄷㅗㅇ,krdict
실기,ㅅㅣㄹㄱㅣ,krdict
실로,ㅅㅣㄹㄹㅗ,krdict
실리,ㅅㅣㄹㄹㅣ,krdict
실무,ㅅㅣㄹㅁㅜ,krdict
실비,ㅅㅣㄹㅂㅣ,krdict
실사,ㅅㅣㄹㅅㅏ,krdict
실소,ㅅㅣㄹㅅㅗ,krdict
실수,ㅅㅣㄹㅅㅜ,candidates
실시,ㅅㅣㄹㅅㅣ,candidates
실지,ㅅㅣㄹㅈㅣ,krdict
실추,ㅅㅣㄹㅊㅜ,krdict
실크,ㅅㅣㄹㅋㅡ,krdict
실토,ㅅㅣㄹㅌㅗ,krdict
실효,ㅅㅣㄹㅎㅛ,krdict
실히,ㅅㅣㄹㅎㅣ,krdict
시럽,ㅅㅣㄹㅓㅂ,krdict
시력,ㅅㅣㄹㅕㄱ,krdict
시련,ㅅㅣㄹㅕㄴ,krdict
시론,ㅅㅣㄹㅗㄴ,krdict
시름,ㅅㅣㄹㅡㅁ,krdict
시립,ㅅㅣㄹㅣㅂ,krdict
심기,ㅅㅣㅁㄱㅣ,krdict
심다,ㅅㅣㅁㄷㅏ,krdict
심도,ㅅㅣㅁㄷㅗ,krdict
심려,ㅅㅣㅁㄹㅕ,krdict
심리,ㅅㅣㅁㄹㅣ,candidates
심보,ㅅㅣㅁㅂㅗ,krdict
심사,ㅅㅣㅁㅅㅏ,candidates
심야,ㅅㅣㅁㅇㅑ,krdict
심지,ㅅㅣㅁㅈㅣ,krdict
심히,ㅅㅣㅁㅎㅣ,krdict
시문,ㅅㅣㅁㅜㄴ,krdict
시민,ㅅㅣㅁㅣㄴ,candidates
십자,ㅅㅣㅂㅈㅏ,krdict
시발,ㅅㅣㅂㅏㄹ,krdict
시방,ㅅㅣㅂㅏㅇ,krdict
시범,ㅅㅣㅂㅓㅁ,krdict
시상,ㅅㅣㅅㅏㅇ,krdict
시선,ㅅㅣㅅㅓㄴ,candidates
시설,ㅅㅣㅅㅓㄹ,candidates
시세,ㅅㅣㅅㅓㅣ,krdict
시속,ㅅㅣㅅㅗㄱ,krdict
시숙,ㅅㅣㅅㅜㄱ,krdict
시술,ㅅㅣㅅㅜㄹ,krdict
시승,ㅅㅣㅅㅡㅇ,krdict
시식,ㅅㅣㅅㅣㄱ,krdict
시신,ㅅㅣㅅㅣㄴ,krdict
시안,ㅅㅣㅇㅏㄴ,krdict
시약,ㅅㅣㅇㅑㄱ,krdict
시연,ㅅㅣㅇㅕㄴ,krdict
시영,ㅅㅣㅇㅕㅇ,krdict
시옷,ㅅㅣㅇㅗㅅ,krdict
시외,ㅅㅣㅇㅗㅣ,candidates
시운,ㅅㅣㅇㅜㄴ,krdict
시위,ㅅㅣㅇㅜㅣ,candidates
시음,ㅅㅣㅇㅡㅁ,krdict
시인,ㅅㅣㅇㅣㄴ,candidates
시일,ㅅㅣㅇㅣㄹ,candidates
시작,ㅅㅣㅈㅏㄱ,candidates
시장,ㅅㅣㅈㅏㅇ,candidates
시적,ㅅㅣㅈㅓㄱ,krdict
시절,ㅅㅣㅈㅓㄹ,candidates
시점,ㅅㅣㅈㅓㅁ,candidates
시정,ㅅㅣㅈㅓㅇ,krdict
시제,ㅅㅣㅈㅓㅣ,krdict
시종,ㅅㅣㅈㅗㅇ,krdict
시중,ㅅㅣㅈㅜㅇ,candidates
시즌,ㅅㅣㅈㅡㄴ,candidates
시집,ㅅㅣㅈㅣㅂ,candidates
시찰,ㅅㅣㅊㅏㄹ,krdict
시청,ㅅㅣㅊㅓㅇ,candidates
시체,ㅅㅣㅊㅓㅣ,krdict
시침,ㅅㅣㅊㅣㅁ,krdict
싶다,ㅅㅣㅍㄷㅏ,krdict
시판,ㅅㅣㅍㅏㄴ,krdict
시한,ㅅㅣㅎㅏㄴ,krdict
시합,ㅅㅣㅎㅏㅂ,candidates
시해,ㅅㅣㅎㅏㅣ,krdict
시험,ㅅㅣㅎㅓㅁ,candidates
시현,ㅅㅣㅎㅕㄴ,krdict
시화,ㅅㅣㅎㅗㅏ,krdict
아까,ㅇㅏㄱㄱㅏ,candidates
악기,ㅇㅏㄱㄱㅣ,candidates
악마,ㅇㅏㄱㅁㅏ,krdict
악보,ㅇㅏㄱㅂㅗ,krdict
악사,ㅇㅏㄱㅅㅏ,krdict
악수,ㅇㅏㄱㅅㅜ,candidates
악어,ㅇㅏㄱㅇㅓ,krdict
아군,ㅇㅏㄱㅜㄴ,krdict
아귀,ㅇㅏㄱㅜㅣ,krdict
안구,ㅇㅏㄴㄱㅜ,krdict
안다,ㅇㅏㄴㄷㅏ,krdict
안도,ㅇㅏㄴㄷㅗ,krdict
안료,ㅇㅏㄴㄹㅛ,krdict
안마,ㅇㅏㄴㅁㅏ,krdict
안무,ㅇㅏㄴㅁㅜ,krdict
안보,ㅇㅏㄴㅂㅗ,krdict
안부,ㅇㅏㄴㅂㅜ,candidates
안주,ㅇㅏㄴㅈㅜ,candidates
안치,ㅇㅏㄴㅊㅣ,krdict
안타,ㅇㅏㄴㅌㅏ,krdict
아낙,ㅇㅏㄴㅏㄱ,krdict
아내,ㅇㅏㄴㅏㅣ,candidates
아동,ㅇㅏㄷㅗㅇ,krdict
아들,ㅇㅏㄷㅡㄹ,candidates
알다,ㅇㅏㄹㄷㅏ,krdict
알라,ㅇㅏㄹㄹㅏ,krdict
알바,ㅇㅏㄹㅂㅏ,krdict
알토,ㅇㅏㄹㅌㅗ,krdict
아랍,ㅇㅏㄹㅏㅂ,krdict
아래,ㅇㅏㄹㅏㅣ,candidates
아량,ㅇㅏㄹㅑㅇ,krdict
아령,ㅇㅏㄹㅕㅇ,krdict
아름,ㅇㅏㄹㅡㅁ,krdict
암기,ㅇㅏㅁㄱㅣ,krdict
암수,ㅇㅏㅁㅅㅜ,krdict
암시,ㅇㅏㅁㅅㅣ,candidates
암초,ㅇㅏㅁㅊㅗ,krdict
암표,ㅇㅏㅁㅍㅛ,krdict
암호,ㅇㅏㅁㅎㅗ,krdict
아명,ㅇㅏㅁㅕㅇ,krdict
압도,ㅇㅏㅂㄷㅗ,krdict
압류,ㅇㅏㅂㄹㅠ,krdict
아빠,ㅇㅏㅂㅂㅏ,candidates
압사,ㅇㅏㅂㅅㅏ,krdict
압수,ㅇㅏㅂㅅㅜ,krdict
아범,ㅇㅏㅂㅓㅁ,krdict
아삭,ㅇㅏㅅㅏㄱ,krdict
아양,ㅇㅏㅇㅑㅇ,krdict
아역,ㅇㅏㅇㅕㄱ,krdict
아연,ㅇㅏㅇㅕㄴ,krdict
아예,ㅇㅏㅇㅕㅣ,krdict
아웃,ㅇㅏㅇㅜㅅ,krdict
아쭈,ㅇㅏㅈㅈㅜ,krdict
아직,ㅇㅏㅈㅣㄱ,krdict
아첨,ㅇㅏㅊㅓㅁ,krdict
아침,ㅇㅏㅊㅣㅁ,candidates
앞니,ㅇㅏㅍㄴㅣ,krdict
앞서,ㅇㅏㅍㅅㅓ,krdict
아편,ㅇㅏㅍㅕㄴ,krdict
아픔,ㅇㅏㅍㅡㅁ,candidates
아홉,ㅇㅏㅎㅗㅂ,krdict
아흔,ㅇㅏㅎㅡㄴ,krdict
애교,ㅇㅏㅣㄱㅛ,krdict
애기,ㅇㅏㅣㄱㅣ,krdict
애니,ㅇㅏㅣㄴㅣ,krdict
애도,ㅇㅏㅣㄷㅗ,krdict
애로,ㅇㅏㅣㄹㅗ,krdict
애마,ㅇㅏㅣㅁㅏ,krdict
애무,ㅇㅏㅣㅁㅜ,krdict
애비,ㅇㅏㅣㅂㅣ,krdict
애초,ㅇㅏㅣㅊㅗ,candidates
애호,ㅇㅏㅣㅎㅗ,krdict
약다,ㅇㅑㄱㄷㅏ,krdict
약도,ㅇㅑㄱㄷㅗ,krdict
약사,ㅇㅑㄱㅅㅏ,krdict
약수,ㅇㅑㄱㅅㅜ,candidates
약어,ㅇㅑㄱㅇㅓ,krdict
약자,ㅇㅑㄱㅈㅏ,krdict
약주,ㅇㅑㄱㅈㅜ,krdict
약지,ㅇㅑㄱㅈㅣ,krdict
약초,ㅇㅑㄱㅊㅗ,krdict
약효,ㅇㅑㄱㅎㅛ,krdict
야간,ㅇㅑㄱㅏㄴ,candidates
야경,ㅇㅑㄱㅕㅇ,krdict
야근,ㅇㅑㄱㅡㄴ,krdict
야단,ㅇㅑㄷㅏㄴ,candidates
야당,ㅇㅑㄷㅏㅇ,krdict
야만,ㅇㅑㅁㅏㄴ,krdict
야망,ㅇㅑㅁㅏㅇ,krdict
야밤,ㅇㅑㅂㅏㅁ,krdict
야산,ㅇㅑㅅㅏㄴ,krdict
야성,ㅇㅑㅅㅓㅇ,krdict
야식,ㅇㅑㅅㅣㄱ,krdict
야심,ㅇㅑㅅㅣㅁ,krdict
양가,ㅇㅑㅇㄱㅏ,krdict
양기,ㅇㅑㅇㄱㅣ,krdict
양녀,ㅇㅑㅇㄴㅕ,krdict
양도,ㅇㅑㅇㄷㅗ,krdict
양모,ㅇㅑㅇㅁㅗ,krdict
양보,ㅇㅑㅇㅂㅗ,candidates
양부,ㅇㅑㅇㅂㅜ,krdict
양서,ㅇㅑㅇㅅㅓ,krdict
양수,ㅇㅑㅇㅅㅜ,krdict
양자,ㅇㅑㅇㅈㅏ,krdict
양조,ㅇㅑㅇㅈㅗ,krdict
양주,ㅇㅑㅇㅈㅜ,candidates
양지,ㅇㅑㅇㅈㅣ,krdict
양초,ㅇㅑㅇㅊㅗ,krdict
양치,ㅇㅑㅇㅊㅣ,krdict
양파,ㅇㅑㅇㅍㅏ,candidates
양호,ㅇㅑㅇㅎㅗ,krdict
야영,ㅇㅑㅇㅕㅇ,krdict
야옹,ㅇㅑㅇㅗㅇ,krdict
야외,ㅇㅑㅇㅗㅣ,candidates
야채,ㅇㅑㅊㅏㅣ,candidates
얕다,ㅇㅑㅌㄷㅏ,krdict
야학,ㅇㅑㅎㅏㄱ,krdict
야합,ㅇㅑㅎㅏㅂ,krdict
야회,ㅇㅑㅎㅗㅣ,krdict
얘기,ㅇㅑㅣㄱㅣ,candidates
억류,ㅇㅓㄱㄹㅠ,krdict
억수,ㅇㅓㄱㅅㅜ,krdict
억지,ㅇㅓㄱㅈㅣ,krdict
어간,ㅇㅓㄱㅏㄴ,krdict
어감,ㅇㅓㄱㅏㅁ,krdict
어근,ㅇㅓㄱㅡㄴ,krdict
언니,ㅇㅓㄴㄴㅣ,candidates
언도,ㅇㅓㄴㄷㅗ,krdict
언사,ㅇㅓㄴㅅㅏ,krdict
언어,ㅇㅓㄴㅇㅓ,candidates
얻다,ㅇㅓㄷㄷㅏ,krdict
어둠,ㅇㅓㄷㅜㅁ,candidates
얼다,ㅇㅓㄹㄷㅏ,krdict
얼마,ㅇㅓㄹㅁㅏ,candidates
얼추,ㅇㅓㄹㅊㅜ,krdict
어록,ㅇㅓㄹㅗㄱ,krdict
어뢰,ㅇㅓㄹㅗㅣ,krdict
어른,ㅇㅓㄹㅡㄴ,candidates
어림,ㅇㅓㄹㅣㅁ,krdict
엄두,ㅇㅓㅁㄷㅜ,krdict
엄마,ㅇㅓㅁㅁㅏ,candidates
엄수,ㅇㅓㅁㅅㅜ,krdict
엄지,ㅇㅓㅁㅈㅣ,krdict
엄포,ㅇㅓㅁㅍㅗ,krdict
엄히,ㅇㅓㅁㅎㅣ,krdict
어멈,ㅇㅓㅁㅓㅁ,krdict
어명,ㅇㅓㅁㅕㅇ,krdict
어묵,ㅇㅓㅁㅜㄱ,krdict
어민,ㅇㅓㅁㅣㄴ,krdict
업다,ㅇㅓㅂㄷㅏ,krdict
업무,ㅇㅓㅂㅁㅜ,candidates
업소,ㅇㅓㅂㅅㅗ,krdict
업자,ㅇㅓㅂㅈㅏ,krdict
업주,ㅇㅓㅂㅈㅜ,krdict
어법,ㅇㅓㅂㅓㅂ,krdict
어선,ㅇㅓㅅㅓㄴ,krdict
어순,ㅇㅓㅅㅜㄴ,krdict
어안,ㅇㅓㅇㅏㄴ,krdict
어업,ㅇㅓㅇㅓㅂ,krdict
어용,ㅇㅓㅇㅛㅇ,krdict
어육,ㅇㅓㅇㅠㄱ,krdict
어음,ㅇㅓㅇㅡㅁ,krdict
어찌,ㅇㅓㅈㅈㅣ,krdict
어장,ㅇㅓㅈㅏㅇ,krdict
어절,ㅇㅓㅈㅓㄹ,krdict
어제,ㅇㅓㅈㅓㅣ,candidates
어족,ㅇㅓㅈㅗㄱ,krdict
어종,ㅇㅓㅈㅗㅇ,krdict
어촌,ㅇㅓㅊㅗㄴ,krdict
엎다,ㅇㅓㅍㄷㅏ,krdict
어폐,ㅇㅓㅍㅕㅣ,krdict
어필,ㅇㅓㅍㅣㄹ,krdict
어학,ㅇㅓㅎㅏㄱ,krdict
어항,ㅇㅓㅎㅏㅇ,krdict
어험,ㅇㅓㅎㅓㅁ,krdict
어휘,ㅇㅓㅎㅜㅣ,krdict
어흥,ㅇㅓㅎㅡㅇ,krdict
에구,ㅇㅓㅣㄱㅜ,krdict
에다,ㅇㅓㅣㄷㅏ,krdict
에라,ㅇㅓㅣㄹㅏ,krdict
에러,ㅇㅓㅣㄹㅓ,krdict
에로,ㅇㅓㅣㄹㅗ,krdict
에미,ㅇㅓㅣㅁㅣ,krdict
에서,ㅇㅓㅣㅅㅓ,krdict
에야,ㅇㅓㅣㅇㅑ,krdict
에이,ㅇㅓㅣㅇㅣ,krdict
역기,ㅇㅕㄱㄱㅣ,krdict
역도,ㅇㅕㄱㄷㅗ,krdict
역류,ㅇㅕㄱㄹㅠ,krdict
역사,ㅇㅕㄱㅅㅏ,candidates
역서,ㅇㅕㄱㅅㅓ,krdict
역시,ㅇㅕㄱㅅㅣ,krdict
역주,ㅇㅕㄱㅈㅜ,krdict
여간,ㅇㅕㄱㅏㄴ,krdict
여건,ㅇㅕㄱㅓㄴ,candidates
여걸,ㅇㅕㄱㅓㄹ,krdict
여경,ㅇㅕㄱㅕㅇ,krdict
여공,ㅇㅕㄱㅗㅇ,krdict
여과,ㅇㅕㄱㅗㅏ,krdict
여군,ㅇㅕㄱㅜㄴ,candidates
연가,ㅇㅕㄴㄱㅏ,krdict
연고,ㅇㅕㄴㄱㅗ,krdict
연구,ㅇㅕㄴㄱㅜ,candidates
연기,ㅇㅕㄴㄱㅣ,candidates
연도,ㅇㅕㄴㄷㅗ,krdict
연두,ㅇㅕㄴㄷㅜ,krdict
연료,ㅇㅕㄴㄹㅛ,krdict
연루,ㅇㅕㄴㄹㅜ,krdict
연리,ㅇㅕㄴㄹㅣ,krdict
연마,ㅇㅕㄴㅁㅏ,krdict
연모,ㅇㅕㄴㅁㅗ,krdict
연보,ㅇㅕㄴㅂㅗ,krdict
연비,ㅇㅕㄴㅂㅣ,krdict
연사,ㅇㅕㄴㅅㅏ,krdict
연서,ㅇㅕㄴㅅㅓ,krdict
연소,ㅇㅕㄴㅅㅗ,krdict
연수,ㅇㅕㄴㅅㅜ,krdict
연시,ㅇㅕㄴㅅㅣ,krdict
연어,ㅇㅕㄴㅇㅓ,krdict
연유,ㅇㅕㄴㅇㅠ,krdict
연주,ㅇㅕㄴㅈㅜ,candidates
연차,ㅇㅕㄴㅊㅏ,krdict
연초,ㅇㅕㄴㅊㅗ,krdict
연타,ㅇㅕㄴㅌㅏ,krdict
연하,ㅇㅕㄴㅎㅏ,krdict
연호,ㅇㅕㄴㅎㅗ,krdict
연휴,ㅇㅕㄴㅎㅠ,candidates
여념,ㅇㅕㄴㅕㅁ,krdict
여담,ㅇㅕㄷㅏㅁ,krdict
여당,ㅇㅕㄷㅏㅇ,krdict
여대,ㅇㅕㄷㅏㅣ,krdict
여독,ㅇㅕㄷㅗㄱ,krdict
여든,ㅇㅕㄷㅡㄴ,krdict
열거,ㅇㅕㄹㄱㅓ,krdict
열기,ㅇㅕㄹㄱㅣ,candidates
열녀,ㅇㅕㄹㄴㅕ,krdict
열다,ㅇㅕㄹㄷㅏ,krdict
열도,ㅇㅕㄹㄷㅗ,krdict
열무,ㅇㅕㄹㅁㅜ,krdict
열부,ㅇㅕㄹㅂㅜ,krdict
열사,ㅇㅕㄹㅅㅏ,krdict
열차,ㅇㅕㄹㅊㅏ,candidates
여럿,ㅇㅕㄹㅓㅅ,candidates
여력,ㅇㅕㄹㅕㄱ,krdict
여론,ㅇㅕㄹㅗㄴ,candidates
여름,ㅇㅕㄹㅡㅁ,candidates
염두,ㅇㅕㅁㄷㅜ,krdict
염려,ㅇㅕㅁㄹㅕ,candidates
염료,ㅇㅕㅁㄹㅛ,krdict
염소,ㅇㅕㅁㅅㅗ,krdict
염주,ㅇㅕㅁㅈㅜ,krdict
염치,ㅇㅕㅁㅊㅣ,krdict
여명,ㅇㅕㅁㅕㅇ,krdict
여물,ㅇㅕㅁㅜㄹ,krdict
엽기,ㅇㅕㅂㄱㅣ,krdict
엽서,ㅇㅕㅂㅅㅓ,candidates
여벌,ㅇㅕㅂㅓㄹ,krdict
여분,ㅇㅕㅂㅜㄴ,krdict
여상,ㅇㅕㅅㅏㅇ,krdict
여섯,ㅇㅕㅅㅓㅅ,krdict
여성,ㅇㅕㅅㅓㅇ,candidates
여세,ㅇㅕㅅㅓㅣ,krdict
여승,ㅇㅕㅅㅡㅇ,krdict
여식,ㅇㅕㅅㅣㄱ,krdict
여신,ㅇㅕㅅㅣㄴ,krdict
영구,ㅇㅕㅇㄱㅜ,krdict
영리,ㅇㅕㅇㄹㅣ,krdict
영미,ㅇㅕㅇㅁㅣ,krdict
영사,ㅇㅕㅇㅅㅏ,krdict
영서,ㅇㅕㅇㅅㅓ,krdict
영시,ㅇㅕㅇㅅㅣ,krdict
영아,ㅇㅕㅇㅇㅏ,krdict
영어,ㅇㅕㅇㅇㅓ,candidates
영주,ㅇㅕㅇㅈㅜ,krdict
영지,ㅇㅕㅇㅈㅣ,krdict
영차,ㅇㅕㅇㅊㅏ,krdict
영토,ㅇㅕㅇㅌㅗ,krdict
영하,ㅇㅕㅇㅎㅏ,candidates
여염,ㅇㅕㅇㅕㅁ,krdict
여운,ㅇㅕㅇㅜㄴ,krdict
여울,ㅇㅕㅇㅜㄹ,krdict
여인,ㅇㅕㅇㅣㄴ,candidates
여장,ㅇㅕㅈㅏㅇ,krdict
여정,ㅇㅕㅈㅓㅇ,krdict
여죄,ㅇㅕㅈㅗㅣ,krdict
여중,ㅇㅕㅈㅜㅇ,krdict
여진,ㅇㅕㅈㅣㄴ,krdict
여체,ㅇㅕㅊㅓㅣ,krdict
여친,ㅇㅕㅊㅣㄴ,krdict
옅다,ㅇㅕㅌㄷㅏ,krdict
여탕,ㅇㅕㅌㅏㅇ,krdict
여태,ㅇㅕㅌㅏㅣ,krdict
여한,ㅇㅕㅎㅏㄴ,krdict
여흥,ㅇㅕㅎㅡㅇ,krdict
예고,ㅇㅕㅣㄱㅗ,krdict
예보,ㅇㅕㅣㅂㅗ,candidates
예비,ㅇㅕㅣㅂㅣ,candidates
예사,ㅇㅕㅣㅅㅏ,krdict
예수,ㅇㅕㅣㅅㅜ,krdict
예시,ㅇㅕㅣㅅㅣ,krdict
예우,ㅇㅕㅣㅇㅜ,krdict
예치,ㅇㅕㅣㅊㅣ,krdict
옥고,ㅇㅗㄱㄱㅗ,krdict
옥니,ㅇㅗㄱㄴㅣ,krdict
옥사,ㅇㅗㄱㅅㅏ,krdict
옥토,ㅇㅗㄱㅌㅗ,krdict
오감,ㅇㅗㄱㅏㅁ,krdict
오경,ㅇㅗㄱㅕㅇ,krdict
오곡,ㅇㅗㄱㅗㄱ,krdict
오금,ㅇㅗㄱㅡㅁ,krdict
온기,ㅇㅗㄴㄱㅣ,krdict
온도,ㅇㅗㄴㄷㅗ,candidates
온수,ㅇㅗㄴㅅㅜ,krdict
온스,ㅇㅗㄴㅅㅡ,krdict
온유,ㅇㅗㄴㅇㅠ,krdict
오늘,ㅇㅗㄴㅡㄹ,candidates
오답,ㅇㅗㄷㅏㅂ,krdict
오독,ㅇㅗㄷㅗㄱ,krdict
오동,ㅇㅗㄷㅗㅇ,krdict
올무,ㅇㅗㄹㅁㅜ,krdict
올벼,ㅇㅗㄹㅂㅕ,krdict
오락,ㅇㅗㄹㅏㄱ,candidates
오래,ㅇㅗㄹㅏㅣ,krdict
오른,ㅇㅗㄹㅡㄴ,krdict
오만,ㅇㅗㅁㅏㄴ,krdict
오명,ㅇㅗㅁㅕㅇ,krdict
오목,ㅇㅗㅁㅗㄱ,krdict
오물,ㅇㅗㅁㅜㄹ,krdict
오빠,ㅇㅗㅂㅂㅏ,candidates
오발,ㅇㅗㅂㅏㄹ,krdict
오복,ㅇㅗㅂㅗㄱ,krdict
오븐,ㅇㅗㅂㅡㄴ,candidates
오산,ㅇㅗㅅㅏㄴ,krdict
오심,ㅇㅗㅅㅣㅁ,krdict
오십,ㅇㅗㅅㅣㅂ,krdict
옹기,ㅇㅗㅇㄱㅣ,krdict
옹호,ㅇㅗㅇㅎㅗ,krdict
오역,ㅇㅗㅇㅕㄱ,krdict
오열,ㅇㅗㅇㅕㄹ,krdict
오염,ㅇㅗㅇㅕㅁ,candidates
오욕,ㅇㅗㅇㅛㄱ,krdict
오용,ㅇㅗㅇㅛㅇ,krdict
오인,ㅇㅗㅇㅣㄴ,krdict
오입,ㅇㅗㅇㅣㅂ,krdict
오장,ㅇㅗㅈㅏㅇ,krdict
오전,ㅇㅗㅈㅓㄴ,candidates
오점,ㅇㅗㅈㅓㅁ,krdict
오존,ㅇㅗㅈㅗㄴ,krdict
오죽,ㅇㅗㅈㅜㄱ,krdict
오줌,ㅇㅗㅈㅜㅁ,krdict
오직,ㅇㅗㅈㅣㄱ,krdict
오진,ㅇㅗㅈㅣㄴ,krdict
오찬,ㅇㅗㅊㅏㄴ,krdict
오촌,ㅇㅗㅊㅗㄴ,krdict
오판,ㅇㅗㅍㅏㄴ,krdict
오한,ㅇㅗㅎㅏㄴ,krdict
오해,ㅇㅗㅎㅏㅣ,candidates
와트,ㅇㅗㅏㅌㅡ,krdict
외가,ㅇㅗㅣㄱㅏ,krdict
외고,ㅇㅗㅣㄱㅗ,krdict
외교,ㅇㅗㅣㄱㅛ,candidates
외다,ㅇㅗㅣㄷㅏ,krdict
외도,ㅇㅗㅣㄷㅗ,krdict
외려,ㅇㅗㅣㄹㅕ,krdict
외로,ㅇㅗㅣㄹㅗ,krdict
외모,ㅇㅗㅣㅁㅗ,candidates
외무,ㅇㅗㅣㅁㅜ,krdict
외부,ㅇㅗㅣㅂㅜ,candidates
외서,ㅇㅗㅣㅅㅓ,krdict
외야,ㅇㅗㅣㅇㅑ,krdict
외자,ㅇㅗㅣㅈㅏ,krdict
외조,ㅇㅗㅣㅈㅗ,krdict
외주,ㅇㅗㅣㅈㅜ,krdict
외지,ㅇㅗㅣㅈㅣ,krdict
외투,ㅇㅗㅣㅌㅜ,krdict
외표,ㅇㅗㅣㅍㅛ,krdict
외피,ㅇㅗㅣㅍㅣ,krdict
욕구,ㅇㅛㄱㄱㅜ,krdict
욕조,ㅇㅛㄱㅈㅗ,krdict
요강,ㅇㅛㄱㅏㅇ,krdict
요건,ㅇㅛㄱㅓㄴ,krdict
요것,ㅇㅛㄱㅓㅅ,krdict
요괴,ㅇㅛㄱㅗㅣ,krdict
요금,ㅇㅛㄱㅡㅁ,candidates
요담,ㅇㅛㄷㅏㅁ,krdict
요동,ㅇㅛㄷㅗㅇ,krdict
요란,ㅇㅛㄹㅏㄴ,krdict
요람,ㅇㅛㄹㅏㅁ,krdict
요래,ㅇㅛㄹㅏㅣ,krdict
요량,ㅇㅛㄹㅑㅇ,krdict
요런,ㅇㅛㄹㅓㄴ,krdict
요럼,ㅇㅛㄹㅓㅁ,krdict
요령,ㅇㅛㄹㅕㅇ,krdict
요만,ㅇㅛㅁㅏㄴ,krdict
요망,ㅇㅛㅁㅏㅇ,krdict
요목,ㅇㅛㅁㅗㄱ,krdict
요물,ㅇㅛㅁㅜㄹ,krdict
요번,ㅇㅛㅂㅓㄴ,krdict
요법,ㅇㅛㅂㅓㅂ,krdict
요새,ㅇㅛㅅㅏㅣ,candidates
요술,ㅇㅛㅅㅜㄹ,krdict
요식,ㅇㅛㅅㅣㄱ,krdict
용구,ㅇㅛㅇㄱㅜ,krdict
용기,ㅇㅛㅇㄱㅣ,candidates
용도,ㅇㅛㅇㄷㅗ,candidates
용모,ㅇㅛㅇㅁㅗ,krdict
용무,ㅇㅛㅇㅁㅜ,krdict
용사,ㅇㅛㅇㅅㅏ,krdict
용서,ㅇㅛㅇㅅㅓ,candidates
용수,ㅇㅛㅇㅅㅜ,krdict
용어,ㅇㅛㅇㅇㅓ,candidates
용지,ㅇㅛㅇㅈㅣ,krdict
요약,ㅇㅛㅇㅑㄱ,krdict
요양,ㅇㅛㅇㅑㅇ,krdict
요염,ㅇㅛㅇㅕㅁ,krdict
요율,ㅇㅛㅇㅠㄹ,krdict
요의,ㅇㅛㅇㅡㅣ,krdict
요인,ㅇㅛㅇㅣㄴ,krdict
요일,ㅇㅛㅇㅣㄹ,candidates
요절,ㅇㅛㅈㅓㄹ,krdict
요점,ㅇㅛㅈㅓㅁ,krdict
요정,ㅇㅛㅈㅓㅇ,krdict
요즘,ㅇㅛㅈㅡㅁ,candidates
요직,ㅇㅛㅈㅣㄱ,krdict
요철,ㅇㅛㅊㅓㄹ,krdict
요청,ㅇㅛㅊㅓㅇ,candidates
요체,ㅇㅛㅊㅓㅣ,krdict
요충,ㅇㅛㅊㅜㅇ,krdict
요통,ㅇㅛㅌㅗㅇ,krdict
우국,ㅇㅜㄱㅜㄱ,krdict
우군,ㅇㅜㄱㅜㄴ,krdict
운구,ㅇㅜㄴㄱㅜ,krdict
운무,ㅇㅜㄴㅁㅜ,krdict
운소,ㅇㅜㄴㅅㅗ,krdict
운수,ㅇㅜㄴㅅㅜ,krdict
운치,ㅇㅜㄴㅊㅣ,krdict
운하,ㅇㅜㄴㅎㅏ,krdict
운휴,ㅇㅜㄴㅎㅠ,krdict
우뇌,ㅇㅜㄴㅗㅣ,krdict
우대,ㅇㅜㄷㅏㅣ,krdict
우동,ㅇㅜㄷㅗㅇ,krdict
우둔,ㅇㅜㄷㅜㄴ,krdict
우등,ㅇㅜㄷㅡㅇ,krdict
울다,ㅇㅜㄹㄷㅏ,krdict
울보,ㅇㅜㄹㅂㅗ,krdict
우량,ㅇㅜㄹㅑㅇ,krdict
우레,ㅇㅜㄹㅓㅣ,krdict
우롱,ㅇㅜㄹㅗㅇ,krdict
우뢰,ㅇㅜㄹㅗㅣ,krdict
우묵,ㅇㅜㅁㅜㄱ,krdict
우문,ㅇㅜㅁㅜㄴ,krdict
우물,ㅇㅜㅁㅜㄹ,krdict
우민,ㅇㅜㅁㅣㄴ,krdict
우박,ㅇㅜㅂㅏㄱ,krdict
우발,ㅇㅜㅂㅏㄹ,krdict
우방,ㅇㅜㅂㅏㅇ,krdict
우범,ㅇㅜㅂㅓㅁ,krdict
웃다,ㅇㅜㅅㄷㅏ,krdict
우산,ㅇㅜㅅㅏㄴ,candidates
우상,ㅇㅜㅅㅏㅇ,krdict
우선,ㅇㅜㅅㅓㄴ,krdict
우성,ㅇㅜㅅㅓㅇ,krdict
우세,ㅇㅜㅅㅓㅣ,krdict
우송,ㅇㅜㅅㅗㅇ,krdict
우승,ㅇㅜㅅㅡㅇ,candidates
웅비,ㅇㅜㅇㅂㅣ,krdict
우애,ㅇㅜㅇㅏㅣ,krdict
우엉,ㅇㅜㅇㅓㅇ,krdict
우연,ㅇㅜㅇㅕㄴ,krdict
우열,ㅇㅜㅇㅕㄹ,krdict
우와,ㅇㅜㅇㅗㅏ,krdict
우울,ㅇㅜㅇㅜㄹ,krdict
우위,ㅇㅜㅇㅜㅣ,krdict
우의,ㅇㅜㅇㅡㅣ,krdict
우익,ㅇㅜㅇㅣㄱ,krdict
우정,ㅇㅜㅈㅓㅇ,candidates
우중,ㅇㅜㅈㅜㅇ,krdict
우측,ㅇㅜㅊㅡㄱ,krdict
우편,ㅇㅜㅍㅕㄴ,candidates
우화,ㅇㅜㅎㅗㅏ,krdict
우회,ㅇㅜㅎㅗㅣ,krdict
웬,ㅇㅜㅓㅣㄴ,krdict
웹,ㅇㅜㅓㅣㅂ,krdict
위기,ㅇㅜㅣㄱㅣ,candidates
위도,ㅇㅜㅣㄷㅗ,krdict
위로,ㅇㅜㅣㄹㅗ,candidates
위조,ㅇㅜㅣㅈㅗ,krdict
위주,ㅇㅜㅣㅈㅜ,candidates
위치,ㅇㅜㅣㅊㅣ,candidates
위트,ㅇㅜㅣㅌㅡ,krdict
육교,ㅇㅠㄱㄱㅛ,krdict
육로,ㅇㅠㄱㄹㅗ,krdict
육류,ㅇㅠㄱㄹㅠ,krdict
육부,ㅇㅠㄱㅂㅜ,krdict
육수,ㅇㅠㄱㅅㅜ,krdict
육시,ㅇㅠㄱㅅㅣ,krdict
육아,ㅇㅠㄱㅇㅏ,krdict
육지,ㅇㅠㄱㅈㅣ,krdict
육포,ㅇㅠㄱㅍㅗ,krdict
유감,ㅇㅠㄱㅏㅁ,krdict
유격,ㅇㅠㄱㅕㄱ,krdict
유곡,ㅇㅠㄱㅗㄱ,krdict
유골,ㅇㅠㄱㅗㄹ,krdict
유과,ㅇㅠㄱㅗㅏ,krdict
유괴,ㅇㅠㄱㅗㅣ,krdict
유급,ㅇㅠㄱㅡㅂ,krdict
윤기,ㅇㅠㄴㄱㅣ,krdict
윤리,ㅇㅠㄴㄹㅣ,krdict
유난,ㅇㅠㄴㅏㄴ,krdict
유년,ㅇㅠㄴㅕㄴ,krdict
유대,ㅇㅠㄷㅏㅣ,krdict
유독,ㅇㅠㄷㅗㄱ,krdict
유동,ㅇㅠㄷㅗㅇ,krdict
율무,ㅇㅠㄹㅁㅜ,krdict
유람,ㅇㅠㄹㅏㅁ,krdict
유랑,ㅇㅠㄹㅏㅇ,krdict
유래,ㅇㅠㄹㅏㅣ,krdict
유럽,ㅇㅠㄹㅓㅂ,krdict
유력,ㅇㅠㄹㅕㄱ,krdict
유령,ㅇㅠㄹㅕㅇ,krdict
유례,ㅇㅠㄹㅕㅣ,krdict
유린,ㅇㅠㄹㅣㄴ,krdict
유림,ㅇㅠㄹㅣㅁ,krdict
유망,ㅇㅠㅁㅏㅇ,krdict
유명,ㅇㅠㅁㅕㅇ,candidates
유목,ㅇㅠㅁㅗㄱ,krdict
유물,ㅇㅠㅁㅜㄹ,candidates
유발,ㅇㅠㅂㅏㄹ,krdict
유방,ㅇㅠㅂㅏㅇ,krdict
유배,ㅇㅠㅂㅏㅣ,krdict
유별,ㅇㅠㅂㅕㄹ,krdict
유분,ㅇㅠㅂㅜㄴ,krdict
유산,ㅇㅠㅅㅏㄴ,candidates
유상,ㅇㅠㅅㅏㅇ,krdict
유선,ㅇㅠㅅㅓㄴ,krdict
유성,ㅇㅠㅅㅓㅇ,krdict
유세,ㅇㅠㅅㅓㅣ,krdict
유속,ㅇㅠㅅㅗㄱ,krdict
유숙,ㅇㅠㅅㅜㄱ,krdict
유식,ㅇㅠㅅㅣㄱ,krdict
유신,ㅇㅠㅅㅣㄴ,krdict
유실,ㅇㅠㅅㅣㄹ,krdict
융기,ㅇㅠㅇㄱㅣ,krdict
융자,ㅇㅠㅇㅈㅏ,krdict
유언,ㅇㅠㅇㅓㄴ,krdict
유업,ㅇㅠㅇㅓㅂ,krdict
유역,ㅇㅠㅇㅕㄱ,krdict
유예,ㅇㅠㅇㅕㅣ,krdict
유용,ㅇㅠㅇㅛㅇ,krdict
유의,ㅇㅠㅇㅡㅣ,krdict
유익,ㅇㅠㅇㅣㄱ,krdict
유인,ㅇㅠㅇㅣㄴ,krdict
유일,ㅇㅠㅇㅣㄹ,krdict
유임,ㅇㅠㅇㅣㅁ,krdict
유입,ㅇㅠㅇㅣㅂ,krdict
유작,ㅇㅠㅈㅏㄱ,krdict
유적,ㅇㅠㅈㅓㄱ,candidates
유전,ㅇㅠㅈㅓㄴ,krdict
유족,ㅇㅠㅈㅗㄱ,krdict
유종,ㅇㅠㅈㅗㅇ,krdict
유죄,ㅇㅠㅈㅗㅣ,krdict
유착,ㅇㅠㅊㅏㄱ,krdict
유찰,ㅇㅠㅊㅏㄹ,krdict
유채,ㅇㅠㅊㅏㅣ,krdict
유출,ㅇㅠㅊㅜㄹ,krdict
유충,ㅇㅠㅊㅜㅇ,krdict
유턴,ㅇㅠㅌㅓㄴ,krdict
유통,ㅇㅠㅌㅗㅇ,krdict
유품,ㅇㅠㅍㅜㅁ,krdict
유학,ㅇㅠㅎㅏㄱ,candidates
유한,ㅇㅠㅎㅏㄴ,krdict
유해,ㅇㅠㅎㅏㅣ,krdict
유혈,ㅇㅠㅎㅕㄹ,krdict
유형,ㅇㅠㅎㅕㅇ,candidates
유혹,ㅇㅠㅎㅗㄱ,krdict
유화,ㅇㅠㅎㅗㅏ,krdict
유흥,ㅇㅠㅎㅡㅇ,krdict
유희,ㅇㅠㅎㅡㅣ,krdict
은거,ㅇㅡㄴㄱㅓ,krdict
은사,ㅇㅡㄴㅅㅏ,krdict
은어,ㅇㅡㄴㅇㅓ,krdict
은유,ㅇㅡㄴㅇㅠ,krdict
은자,ㅇㅡㄴㅈㅏ,krdict
은하,ㅇㅡㄴㅎㅏ,krdict
으레,ㅇㅡㄹㅓㅣ,krdict
으례,ㅇㅡㄹㅕㅣ,krdict
음가,ㅇㅡㅁㄱㅏ,krdict
음기,ㅇㅡㅁㄱㅣ,krdict
음료,ㅇㅡㅁㄹㅛ,candidates
음모,ㅇㅡㅁㅁㅗ,krdict
음미,ㅇㅡㅁㅁㅣ,krdict
음부,ㅇㅡㅁㅂㅜ,krdict
음소,ㅇㅡㅁㅅㅗ,krdict
음수,ㅇㅡㅁㅅㅜ,krdict
음조,ㅇㅡㅁㅈㅗ,krdict
음주,ㅇㅡㅁㅈㅜ,candidates
음지,ㅇㅡㅁㅈㅣ,krdict
음치,ㅇㅡㅁㅊㅣ,krdict
음파,ㅇㅡㅁㅍㅏ,krdict
음표,ㅇㅡㅁㅍㅛ,krdict
읍소,ㅇㅡㅂㅅㅗ,krdict
응가,ㅇㅡㅇㄱㅏ,krdict
응고,ㅇㅡㅇㄱㅗ,krdict
응모,ㅇㅡㅇㅁㅗ,krdict
응보,ㅇㅡㅇㅂㅗ,krdict
응수,ㅇㅡㅇㅅㅜ,krdict
응시,ㅇㅡㅇㅅㅣ,krdict
으악,ㅇㅡㅇㅏㄱ,krdict
으앙,ㅇㅡㅇㅏㅇ,krdict
으음,ㅇㅡㅇㅡㅁ,krdict
으응,ㅇㅡㅇㅡㅇ,krdict
의거,ㅇㅡㅣㄱㅓ,krdict
의기,ㅇㅡㅣㄱㅣ,krdict
의도,ㅇㅡㅣㄷㅗ,candidates
의료,ㅇㅡㅣㄹㅛ,krdict
의류,ㅇㅡㅣㄹㅠ,candidates
의리,ㅇㅡㅣㄹㅣ,krdict
의무,ㅇㅡㅣㅁㅜ,candidates
의미,ㅇㅡㅣㅁㅣ,candidates
의사,ㅇㅡㅣㅅㅏ,candidates
의아,ㅇㅡㅣㅇㅏ,krdict
의자,ㅇㅡㅣㅈㅏ,candidates
의지,ㅇㅡㅣㅈㅣ,candidates
의치,ㅇㅡㅣㅊㅣ,krdict
이끼,ㅇㅣㄱㄱㅣ,krdict
익다,ㅇㅣㄱㄷㅏ,krdict
익사,ㅇㅣㄱㅅㅏ,krdict
익히,ㅇㅣㄱㅎㅣ,krdict
이간,ㅇㅣㄱㅏㄴ,krdict
이감,ㅇㅣㄱㅏㅁ,krdict
이것,ㅇㅣㄱㅓㅅ,krdict
이견,ㅇㅣㄱㅕㄴ,krdict
이경,ㅇㅣㄱㅕㅇ,krdict
이골,ㅇㅣㄱㅗㄹ,krdict
이곳,ㅇㅣㄱㅗㅅ,krdict
이공,ㅇㅣㄱㅗㅇ,krdict
이과,ㅇㅣㄱㅗㅏ,krdict
이국,ㅇㅣㄱㅜㄱ,krdict
인가,ㅇㅣㄴㄱㅏ,krdict
인고,ㅇㅣㄴㄱㅗ,krdict
인구,ㅇㅣㄴㄱㅜ,candidates
인기,ㅇㅣㄴㄱㅣ,candidates
인도,ㅇㅣㄴㄷㅗ,candidates
인두,ㅇㅣㄴㄷㅜ,krdict
인류,ㅇㅣㄴㄹㅠ,candidates
인마,ㅇㅣㄴㅁㅏ,krdict
인부,ㅇㅣㄴㅂㅜ,krdict
인사,ㅇㅣㄴㅅㅏ,candidates
인수,ㅇㅣㄴㅅㅜ,krdict
인어,ㅇㅣㄴㅇㅓ,krdict
인자,ㅇㅣㄴㅈㅏ,krdict
인조,ㅇㅣㄴㅈㅗ,krdict
인주,ㅇㅣㄴㅈㅜ,krdict
인지,ㅇㅣㄴㅈㅣ,krdict
인치,ㅇㅣㄴㅊㅣ,krdict
인파,ㅇㅣㄴㅍㅏ,krdict
인하,ㅇㅣㄴㅎㅏ,candidates
인허,ㅇㅣㄴㅎㅓ,krdict
이날,ㅇㅣㄴㅏㄹ,candidates
이남,ㅇㅣㄴㅏㅁ,krdict
이내,ㅇㅣㄴㅏㅣ,candidates
이네,ㅇㅣㄴㅓㅣ,krdict
이념,ㅇㅣㄴㅕㅁ,candidates
이놈,ㅇㅣㄴㅗㅁ,krdict
이농,ㅇㅣㄴㅗㅇ,krdict
이닝,ㅇㅣㄴㅣㅇ,krdict
이따,ㅇㅣㄷㄷㅏ,krdict
이단,ㅇㅣㄷㅏㄴ,krdict
이달,ㅇㅣㄷㅏㄹ,candidates
이담,ㅇㅣㄷㅏㅁ,krdict
이동,ㅇㅣㄷㅗㅇ,candidates
이득,ㅇㅣㄷㅡㄱ,krdict
이든,ㅇㅣㄷㅡㄴ,krdict
이등,ㅇㅣㄷㅡㅇ,krdict
일가,ㅇㅣㄹㄱㅏ,krdict
일기,ㅇㅣㄹㄱㅣ,candidates
일다,ㅇㅣㄹㄷㅏ,krdict
일로,ㅇㅣㄹㄹㅗ,krdict
일루,ㅇㅣㄹㄹㅜ,krdict
일류,ㅇㅣㄹㄹㅠ,krdict
일리,ㅇㅣㄹㄹㅣ,krdict
일미,ㅇㅣㄹㅁㅣ,krdict
일보,ㅇㅣㄹㅂㅗ,krdict
일부,ㅇㅣㄹㅂㅜ,candidates
일소,ㅇㅣㄹㅅㅗ,krdict
일수,ㅇㅣㄹㅅㅜ,krdict
일시,ㅇㅣㄹㅅㅣ,krdict
일어,ㅇㅣㄹㅇㅓ,krdict
일자,ㅇㅣㄹㅈㅏ,candidates
일조,ㅇㅣㄹㅈㅗ,krdict
일주,ㅇㅣㄹㅈㅜ,krdict
일지,ㅇㅣㄹㅈㅣ,krdict
일차,ㅇㅣㄹㅊㅏ,krdict
일치,ㅇㅣㄹㅊㅣ,candidates
일터,ㅇㅣㄹㅌㅓ,krdict
이란,ㅇㅣㄹㅏㄴ,krdict
이랑,ㅇㅣㄹㅏㅇ,krdict
이래,ㅇㅣㄹㅏㅣ,krdict
이런,ㅇㅣㄹㅓㄴ,krdict
이럼,ㅇㅣㄹㅓㅁ,krdict
이레,ㅇㅣㄹㅓㅣ,krdict
이력,ㅇㅣㄹㅕㄱ,krdict
이례,ㅇㅣㄹㅕㅣ,krdict
이론,ㅇㅣㄹㅗㄴ,krdict
이륙,ㅇㅣㄹㅠㄱ,krdict
이름,ㅇㅣㄹㅡㅁ,candidates
임기,ㅇㅣㅁㄱㅣ,krdict
임무,ㅇㅣㅁㅁㅜ,candidates
임부,ㅇㅣㅁㅂㅜ,krdict
임시,ㅇㅣㅁㅅㅣ,candidates
임야,ㅇㅣㅁㅇㅑ,krdict
임자,ㅇㅣㅁㅈㅏ,krdict
임지,ㅇㅣㅁㅈㅣ,krdict
임차,ㅇㅣㅁㅊㅏ,krdict
이만,ㅇㅣㅁㅏㄴ,krdict
이면,ㅇㅣㅁㅕㄴ,krdict
이명,ㅇㅣㅁㅕㅇ,krdict
이목,ㅇㅣㅁㅗㄱ,krdict
이문,ㅇㅣㅁㅜㄴ,krdict
이물,ㅇㅣㅁㅜㄹ,krdict
이민,ㅇㅣㅁㅣㄴ,candidates
입가,ㅇㅣㅂㄱㅏ,krdict
입고,ㅇㅣㅂㄱㅗ,krdict
입구,ㅇㅣㅂㄱㅜ,candidates
입다,ㅇㅣㅂㄷㅏ,krdict
입사,ㅇㅣㅂㅅㅏ,candidates
입소,ㅇㅣㅂㅅㅗ,krdict
입수,ㅇㅣㅂㅅㅜ,krdict
입시,ㅇㅣㅂㅅㅣ,candidates
입자,ㅇㅣㅂㅈㅏ,krdict
입주,ㅇㅣㅂㅈㅜ,krdict
입지,ㅇㅣㅂㅈㅣ,krdict
입추,ㅇㅣㅂㅊㅜ,krdict
입하,ㅇㅣㅂㅎㅏ,krdict
이발,ㅇㅣㅂㅏㄹ,krdict
이방,ㅇㅣㅂㅏㅇ,krdict
이번,ㅇㅣㅂㅓㄴ,candidates
이변,ㅇㅣㅂㅕㄴ,krdict
이별,ㅇㅣㅂㅕㄹ,candidates
이병,ㅇㅣㅂㅕㅇ,krdict
이복,ㅇㅣㅂㅗㄱ,krdict
이본,ㅇㅣㅂㅗㄴ,krdict
이봐,ㅇㅣㅂㅗㅏ,krdict
이북,ㅇㅣㅂㅜㄱ,krdict
이분,ㅇㅣㅂㅜㄴ,krdict
이불,ㅇㅣㅂㅜㄹ,candidates
잇다,ㅇㅣㅅㄷㅏ,krdict
이삭,ㅇㅣㅅㅏㄱ,krdict
이산,ㅇㅣㅅㅏㄴ,krdict
이상,ㅇㅣㅅㅏㅇ,candidates
이새,ㅇㅣㅅㅏㅣ,krdict
이설,ㅇㅣㅅㅓㄹ,krdict
이성,ㅇㅣㅅㅓㅇ,candidates
이세,ㅇㅣㅅㅓㅣ,krdict
이송,ㅇㅣㅅㅗㅇ,krdict
이순,ㅇㅣㅅㅜㄴ,krdict
이슬,ㅇㅣㅅㅡㄹ,candidates
이승,ㅇㅣㅅㅡㅇ,krdict
이식,ㅇㅣㅅㅣㄱ,krdict
이십,ㅇㅣㅅㅣㅂ,krdict
잉어,ㅇㅣㅇㅇㅓ,krdict
잉여,ㅇㅣㅇㅇㅕ,krdict
잉크,ㅇㅣㅇㅋㅡ,krdict
이양,ㅇㅣㅇㅑㅇ,krdict
이에,ㅇㅣㅇㅓㅣ,krdict
이온,ㅇㅣㅇㅗㄴ,krdict
이외,ㅇㅣㅇㅗㅣ,candidates
이용,ㅇㅣㅇㅛㅇ,candidates
이웃,ㅇㅣㅇㅜㅅ,candidates
이윤,ㅇㅣㅇㅠㄴ,krdict
이율,ㅇㅣㅇㅠㄹ,krdict
이응,ㅇㅣㅇㅡㅇ,krdict
이의,ㅇㅣㅇㅡㅣ,krdict
이익,ㅇㅣㅇㅣㄱ,candidates
이임,ㅇㅣㅇㅣㅁ,krdict
이입,ㅇㅣㅇㅣㅂ,krdict
잊다,ㅇㅣㅈㄷㅏ,krdict
이장,ㅇㅣㅈㅏㅇ,krdict
이적,ㅇㅣㅈㅓㄱ,krdict
이전,ㅇㅣㅈㅓㄴ,candidates
이점,ㅇㅣㅈㅓㅁ,krdict
이제,ㅇㅣㅈㅓㅣ,candidates
이종,ㅇㅣㅈㅗㅇ,krdict
이중,ㅇㅣㅈㅜㅇ,candidates
이즘,ㅇㅣㅈㅡㅁ,krdict
이직,ㅇㅣㅈㅣㄱ,krdict
이질,ㅇㅣㅈㅣㄹ,krdict
이참,ㅇㅣㅊㅏㅁ,krdict
이체,ㅇㅣㅊㅓㅣ,krdict
이탈,ㅇㅣㅌㅏㄹ,krdict
이틀,ㅇㅣㅌㅡㄹ,candidates
이편,ㅇㅣㅍㅕㄴ,krdict
이해,ㅇㅣㅎㅏㅣ,candidates
이혼,ㅇㅣㅎㅗㄴ,candidates
짜다,ㅈㅈㅏㄷㅏ,krdict
쨍,ㅈㅈㅏㅣㅇ,krdict
쪼다,ㅈㅈㅗㄷㅏ,krdict
쫙,ㅈㅈㅗㅏㄱ,krdict
찌다,ㅈㅈㅣㄷㅏ,krdict
작가,ㅈㅏㄱㄱㅏ,candidates
작고,ㅈㅏㄱㄱㅗ,krdict
자꾸,ㅈㅏㄱㄱㅜ,krdict
작다,ㅈㅏㄱㄷㅏ,krdict
작두,ㅈㅏㄱㄷㅜ,krdict
작부,ㅈㅏㄱㅂㅜ,krdict
작사,ㅈㅏㄱㅅㅏ,krdict
작자,ㅈㅏㄱㅈㅏ,krdict
작파,ㅈㅏㄱㅍㅏ,krdict
자각,ㅈㅏㄱㅏㄱ,krdict
자갈,ㅈㅏㄱㅏㄹ,krdict
자개,ㅈㅏㄱㅏㅣ,krdict
자격,ㅈㅏㄱㅕㄱ,candidates
자결,ㅈㅏㄱㅕㄹ,krdict
자국,ㅈㅏㄱㅜㄱ,krdict
자궁,ㅈㅏㄱㅜㅇ,krdict
자극,ㅈㅏㄱㅡㄱ,candidates
자금,ㅈㅏㄱㅡㅁ,krdict
자급,ㅈㅏㄱㅡㅂ,krdict
자긍,ㅈㅏㄱㅡㅇ,krdict
잔고,ㅈㅏㄴㄱㅗ,krdict
잔디,ㅈㅏㄴㄷㅣ,candidates
잔류,ㅈㅏㄴㄹㅠ,krdict
잔여,ㅈㅏㄴㅇㅕ,krdict
잔치,ㅈㅏㄴㅊㅣ,candidates
자네,ㅈㅏㄴㅓㅣ,krdict
자당,ㅈㅏㄷㅏㅇ,krdict
자동,ㅈㅏㄷㅗㅇ,candidates
잘다,ㅈㅏㄹㄷㅏ,krdict
자락,ㅈㅏㄹㅏㄱ,krdict
자랑,ㅈㅏㄹㅏㅇ,candidates
자력,ㅈㅏㄹㅕㄱ,krdict
자립,ㅈㅏㄹㅣㅂ,krdict
잠기,ㅈㅏㅁㄱㅣ,krdict
잠바,ㅈㅏㅁㅂㅏ,candidates
잠보,ㅈㅏㅁㅂㅗ,krdict
잠수,ㅈㅏㅁㅅㅜ,krdict
잠시,ㅈㅏㅁㅅㅣ,candidates
자막,ㅈㅏㅁㅏㄱ,krdict
자만,ㅈㅏㅁㅏㄴ,krdict
자매,ㅈㅏㅁㅏㅣ,candidates
자멸,ㅈㅏㅁㅕㄹ,krdict
자못,ㅈㅏㅁㅗㅅ,krdict
자몽,ㅈㅏㅁㅗㅇ,krdict
자문,ㅈㅏㅁㅜㄴ,krdict
잡기,ㅈㅏㅂㄱㅣ,krdict
잡다,ㅈㅏㅂㄷㅏ,krdict
잡무,ㅈㅏㅂㅁㅜ,krdict
잡부,ㅈㅏㅂㅂㅜ,krdict
잡비,ㅈㅏㅂㅂㅣ,krdict
잡지,ㅈㅏㅂㅈㅣ,candidates
잡초,ㅈㅏㅂㅊㅗ,krdict
잡티,ㅈㅏㅂㅌㅣ,krdict
자반,ㅈㅏㅂㅏㄴ,krdict
자본,ㅈㅏㅂㅗㄴ,krdict
자산,ㅈㅏㅅㅏㄴ,krdict
자살,ㅈㅏㅅㅏㄹ,candidates
자상,ㅈㅏㅅㅏㅇ,krdict
자석,ㅈㅏㅅㅓㄱ,krdict
자선,ㅈㅏㅅㅓㄴ,krdict
자성,ㅈㅏㅅㅓㅇ,krdict
자세,ㅈㅏㅅㅓㅣ,candidates
자손,ㅈㅏㅅㅗㄴ,krdict
자숙,ㅈㅏㅅㅜㄱ,krdict
자습,ㅈㅏㅅㅡㅂ,krdict
자식,ㅈㅏㅅㅣㄱ,candidates
자신,ㅈㅏㅅㅣㄴ,candidates
장가,ㅈㅏㅇㄱㅏ,candidates
장고,ㅈㅏㅇㄱㅗ,krdict
장교,ㅈㅏㅇㄱㅛ,krdict
장구,ㅈㅏㅇㄱㅜ,krdict
장기,ㅈㅏㅇㄱㅣ,krdict
장녀,ㅈㅏㅇㄴㅕ,krdict
장도,ㅈㅏㅇㄷㅗ,krdict
장려,ㅈㅏㅇㄹㅕ,krdict
장로,ㅈㅏㅇㄹㅗ,krdict
장르,ㅈㅏㅇㄹㅡ,candidates
장마,ㅈㅏㅇㅁㅏ,candidates
장모,ㅈㅏㅇㅁㅗ,candidates
장미,ㅈㅏㅇㅁㅣ,candidates
장부,ㅈㅏㅇㅂㅜ,krdict
장비,ㅈㅏㅇㅂㅣ,candidates
장사,ㅈㅏㅇㅅㅏ,candidates
장서,ㅈㅏㅇㅅㅓ,krdict
장소,ㅈㅏㅇㅅㅗ,candidates
장수,ㅈㅏㅇㅅㅜ,candidates
장어,ㅈㅏㅇㅇㅓ,krdict
장자,ㅈㅏㅇㅈㅏ,krdict
장조,ㅈㅏㅇㅈㅗ,krdict
장지,ㅈㅏㅇㅈㅣ,krdict
장차,ㅈㅏㅇㅊㅏ,krdict
장치,ㅈㅏㅇㅊㅣ,krdict
장터,ㅈㅏㅇㅌㅓ,krdict
장히,ㅈㅏㅇㅎㅣ,krdict
자애,ㅈㅏㅇㅏㅣ,krdict
자연,ㅈㅏㅇㅕㄴ,candidates
자영,ㅈㅏㅇㅕㅇ,krdict
자위,ㅈㅏㅇㅜㅣ,krdict
자율,ㅈㅏㅇㅠㄹ,candidates
자음,ㅈㅏㅇㅡㅁ,krdict
자의,ㅈㅏㅇㅡㅣ,krdict
자인,ㅈㅏㅇㅣㄴ,krdict
잦다,ㅈㅏㅈㄷㅏ,krdict
자작,ㅈㅏㅈㅏㄱ,krdict
자재,ㅈㅏㅈㅏㅣ,krdict
자전,ㅈㅏㅈㅓㄴ,krdict
자정,ㅈㅏㅈㅓㅇ,candidates
자제,ㅈㅏㅈㅓㅣ,krdict
자족,ㅈㅏㅈㅗㄱ,krdict
자존,ㅈㅏㅈㅗㄴ,krdict
자진,ㅈㅏㅈㅣㄴ,krdict
자질,ㅈㅏㅈㅣㄹ,krdict
자찬,ㅈㅏㅊㅏㄴ,krdict
자청,ㅈㅏㅊㅓㅇ,krdict
자체,ㅈㅏㅊㅓㅣ,candidates
자축,ㅈㅏㅊㅜㄱ,krdict
자취,ㅈㅏㅊㅜㅣ,candidates
자칫,ㅈㅏㅊㅣㅅ,krdict
자칭,ㅈㅏㅊㅣㅇ,krdict
자탄,ㅈㅏㅌㅏㄴ,krdict
자태,ㅈㅏㅌㅏㅣ,krdict
자퇴,ㅈㅏㅌㅗㅣ,krdict
자판,ㅈㅏㅍㅏㄴ,candidates
자폐,ㅈㅏㅍㅕㅣ,krdict
자폭,ㅈㅏㅍㅗㄱ,krdict
자필,ㅈㅏㅍㅣㄹ,krdict
자학,ㅈㅏㅎㅏㄱ,krdict
자해,ㅈㅏㅎㅏㅣ,krdict
자형,ㅈㅏㅎㅕㅇ,krdict
재가,ㅈㅏㅣㄱㅏ,krdict
재고,ㅈㅏㅣㄱㅗ,krdict
재기,ㅈㅏㅣㄱㅣ,krdict
재다,ㅈㅏㅣㄷㅏ,krdict
재료,ㅈㅏㅣㄹㅛ,candidates
재무,ㅈㅏㅣㅁㅜ,krdict
재미,ㅈㅏㅣㅁㅣ,candidates
재수,ㅈㅏㅣㅅㅜ,candidates
재야,ㅈㅏㅣㅇㅑ,krdict
재주,ㅈㅏㅣㅈㅜ,candidates
재즈,ㅈㅏㅣㅈㅡ,candidates
재차,ㅈㅏㅣㅊㅏ,krdict
재치,ㅈㅏㅣㅊㅣ,krdict
적기,ㅈㅓㄱㄱㅣ,krdict
적다,ㅈㅓㄱㄷㅏ,krdict
적도,ㅈㅓㄱㄷㅗ,krdict
적소,ㅈㅓㄱㅅㅗ,krdict
적수,ㅈㅓㄱㅅㅜ,krdict
적시,ㅈㅓㄱㅅㅣ,krdict
적요,ㅈㅓㄱㅇㅛ,krdict
적이,ㅈㅓㄱㅇㅣ,krdict
적자,ㅈㅓㄱㅈㅏ,krdict
적지,ㅈㅓㄱㅈㅣ,krdict
저감,ㅈㅓㄱㅏㅁ,krdict
저것,ㅈㅓㄱㅓㅅ,krdict
저격,ㅈㅓㄱㅕㄱ,krdict
저곳,ㅈㅓㄱㅗㅅ,krdict
저공,ㅈㅓㄱㅗㅇ,krdict
저금,ㅈㅓㄱㅡㅁ,krdict
저급,ㅈㅓㄱㅡㅂ,krdict
전가,ㅈㅓㄴㄱㅏ,krdict
전교,ㅈㅓㄴㄱㅛ,krdict
전구,ㅈㅓㄴㄱㅜ,candidates
전기,ㅈㅓㄴㄱㅣ,candidates
전도,ㅈㅓㄴㄷㅗ,krdict
전라,ㅈㅓㄴㄹㅏ,krdict
전류,ㅈㅓㄴㄹㅠ,krdict
전모,ㅈㅓㄴㅁㅗ,krdict
전무,ㅈㅓㄴㅁㅜ,krdict
전보,ㅈㅓㄴㅂㅗ,krdict
전부,ㅈㅓㄴㅂㅜ,candidates
전사,ㅈㅓㄴㅅㅏ,krdict
전서,ㅈㅓㄴㅅㅓ,krdict
전소,ㅈㅓㄴㅅㅗ,krdict
전수,ㅈㅓㄴㅅㅜ,krdict
전시,ㅈㅓㄴㅅㅣ,candidates
전야,ㅈㅓㄴㅇㅑ,krdict
전우,ㅈㅓㄴㅇㅜ,krdict
전이,ㅈㅓㄴㅇㅣ,krdict
전자,ㅈㅓㄴㅈㅏ,candidates
전조,ㅈㅓㄴㅈㅗ,krdict
전주,ㅈㅓㄴㅈㅜ,krdict
전차,ㅈㅓㄴㅊㅏ,krdict
전처,ㅈㅓㄴㅊㅓ,krdict
전치,ㅈㅓㄴㅊㅣ,krdict
전투,ㅈㅓㄴㅌㅜ,krdict
전파,ㅈㅓㄴㅍㅏ,krdict
전표,ㅈㅓㄴㅍㅛ,krdict
전하,ㅈㅓㄴㅎㅏ,krdict
전혀,ㅈㅓㄴㅎㅕ,krdict
전후,ㅈㅓㄴㅎㅜ,candidates
저녁,ㅈㅓㄴㅕㄱ,candidates
저당,ㅈㅓㄷㅏㅇ,krdict
절교,ㅈㅓㄹㄱㅛ,krdict
절구,ㅈㅓㄹㄱㅜ,krdict
절규,ㅈㅓㄹㄱㅠ,krdict
절기,ㅈㅓㄹㄱㅣ,krdict
절다,ㅈㅓㄹㄷㅏ,krdict
절도,ㅈㅓㄹㄷㅗ,krdict
절로,ㅈㅓㄹㄹㅗ,krdict
절주,ㅈㅓㄹㅈㅜ,krdict
절차,ㅈㅓㄹㅊㅏ,candidates
절하,ㅈㅓㄹㅎㅏ,krdict
절호,ㅈㅓㄹㅎㅗ,krdict
저래,ㅈㅓㄹㅏㅣ,krdict
저런,ㅈㅓㄹㅓㄴ,krdict
저럼,ㅈㅓㄹㅓㅁ,krdict
저력,ㅈㅓㄹㅕㄱ,krdict
점거,ㅈㅓㅁㄱㅓ,krdict
점수,ㅈㅓㅁㅅㅜ,candidates
점유,ㅈㅓㅁㅇㅠ,krdict
점자,ㅈㅓㅁㅈㅏ,krdict
점주,ㅈㅓㅁㅈㅜ,krdict
점지,ㅈㅓㅁㅈㅣ,krdict
점차,ㅈㅓㅁㅊㅏ,krdict
점퍼,ㅈㅓㅁㅍㅓ,krdict
점포,ㅈㅓㅁㅍㅗ,krdict
점프,ㅈㅓㅁㅍㅡ,krdict
점호,ㅈㅓㅁㅎㅗ,krdict
저만,ㅈㅓㅁㅏㄴ,krdict
저명,ㅈㅓㅁㅕㅇ,krdict
접다,ㅈㅓㅂㄷㅏ,krdict
접사,ㅈㅓㅂㅅㅏ,krdict
접수,ㅈㅓㅂㅅㅜ,krdict
접시,ㅈㅓㅂㅅㅣ,candidates
저번,ㅈㅓㅂㅓㄴ,candidates
저변,ㅈㅓㅂㅕㄴ,krdict
저분,ㅈㅓㅂㅜㄴ,krdict
젓다,ㅈㅓㅅㄷㅏ,krdict
저속,ㅈㅓㅅㅗㄱ,krdict
저술,ㅈㅓㅅㅜㄹ,krdict
저승,ㅈㅓㅅㅡㅇ,krdict
정가,ㅈㅓㅇㄱㅏ,krdict
정규,ㅈㅓㅇㄱㅠ,krdict
정기,ㅈㅓㅇㄱㅣ,candidates
정도,ㅈㅓㅇㄷㅗ,candidates
정리,ㅈㅓㅇㄹㅣ,candidates
정모,ㅈㅓㅇㅁㅗ,krdict
정무,ㅈㅓㅇㅁㅜ,krdict
정미,ㅈㅓㅇㅁㅣ,krdict
정보,ㅈㅓㅇㅂㅗ,candidates
정부,ㅈㅓㅇㅂㅜ,candidates
정비,ㅈㅓㅇㅂㅣ,candidates
정사,ㅈㅓㅇㅅㅏ,krdict
정서,ㅈㅓㅇㅅㅓ,krdict
정수,ㅈㅓㅇㅅㅜ,krdict
정시,ㅈㅓㅇㅅㅣ,krdict
정오,ㅈㅓㅇㅇㅗ,candidates
정유,ㅈㅓㅇㅇㅠ,krdict
정자,ㅈㅓㅇㅈㅏ,krdict
정조,ㅈㅓㅇㅈㅗ,krdict
정지,ㅈㅓㅇㅈㅣ,candidates
정차,ㅈㅓㅇㅊㅏ,krdict
정처,ㅈㅓㅇㅊㅓ,krdict
정초,ㅈㅓㅇㅊㅗ,krdict
정치,ㅈㅓㅇㅊㅣ,candidates
정파,ㅈㅓㅇㅍㅏ,krdict
정표,ㅈㅓㅇㅍㅛ,krdict
정히,ㅈㅓㅇㅎㅣ,krdict
저온,ㅈㅓㅇㅗㄴ,krdict
저울,ㅈㅓㅇㅜㄹ,candidates
저음,ㅈㅓㅇㅡㅁ,krdict
저의,ㅈㅓㅇㅡㅣ,krdict
젖니,ㅈㅓㅈㄴㅣ,krdict
젖다,ㅈㅓㅈㄷㅏ,krdict
젖소,ㅈㅓㅈㅅㅗ,krdict
저작,ㅈㅓㅈㅏㄱ,krdict
저장,ㅈㅓㅈㅏㅇ,krdict
저질,ㅈㅓㅈㅣㄹ,krdict
저촉,ㅈㅓㅊㅗㄱ,krdict
저축,ㅈㅓㅊㅜㄱ,candidates
저층,ㅈㅓㅊㅡㅇ,krdict
저편,ㅈㅓㅍㅕㄴ,krdict
저항,ㅈㅓㅎㅏㅇ,krdict
저해,ㅈㅓㅎㅏㅣ,krdict
저희,ㅈㅓㅎㅡㅣ,krdict
제거,ㅈㅓㅣㄱㅓ,krdict
제고,ㅈㅓㅣㄱㅗ,krdict
제구,ㅈㅓㅣㄱㅜ,krdict
제기,ㅈㅓㅣㄱㅣ,krdict
제도,ㅈㅓㅣㄷㅗ,krdict
제로,ㅈㅓㅣㄹㅗ,krdict
제모,ㅈㅓㅣㅁㅗ,krdict
제보,ㅈㅓㅣㅂㅗ,krdict
제부,ㅈㅓㅣㅂㅜ,krdict
제비,ㅈㅓㅣㅂㅣ,candidates
제사,ㅈㅓㅣㅅㅏ,candidates
제소,ㅈㅓㅣㅅㅗ,krdict
제수,ㅈㅓㅣㅅㅜ,krdict
제시,ㅈㅓㅣㅅㅣ,candidates
제야,ㅈㅓㅣㅇㅑ,krdict
제어,ㅈㅓㅣㅇㅓ,krdict
제자,ㅈㅓㅣㅈㅏ,candidates
제조,ㅈㅓㅣㅈㅗ,krdict
제주,ㅈㅓㅣㅈㅜ,krdict
제지,ㅈㅓㅣㅈㅣ,krdict
제초,ㅈㅓㅣㅊㅗ,krdict
제하,ㅈㅓㅣㅎㅏ,krdict
제후,ㅈㅓㅣㅎㅜ,krdict
제휴,ㅈㅓㅣㅎㅠ,krdict
족구,ㅈㅗㄱㄱㅜ,krdict
조끼,ㅈㅗㄱㄱㅣ,krdict
족보,ㅈㅗㄱㅂㅗ,krdict
족자,ㅈㅗㄱㅈㅏ,krdict
족히,ㅈㅗㄱㅎㅣ,krdict
조각,ㅈㅗㄱㅏㄱ,candidates
조간,ㅈㅗㄱㅏㄴ,krdict
조개,ㅈㅗㄱㅏㅣ,candidates
조건,ㅈㅗㄱㅓㄴ,candidates
조것,ㅈㅗㄱㅓㅅ,krdict
조경,ㅈㅗㄱㅕㅇ,krdict
조국,ㅈㅗㄱㅜㄱ,krdict
조금,ㅈㅗㄱㅡㅁ,candidates
조깅,ㅈㅗㄱㅣㅇ,candidates
조난,ㅈㅗㄴㅏㄴ,krdict
조달,ㅈㅗㄷㅏㄹ,krdict
졸고,ㅈㅗㄹㄱㅗ,krdict
졸다,ㅈㅗㄹㄷㅏ,krdict
졸도,ㅈㅗㄹㄷㅗ,krdict
졸부,ㅈㅗㄹㅂㅜ,krdict
졸저,ㅈㅗㄹㅈㅓ,krdict
졸지,ㅈㅗㄹㅈㅣ,krdict
조락,ㅈㅗㄹㅏㄱ,krdict
조래,ㅈㅗㄹㅏㅣ,krdict
조런,ㅈㅗㄹㅓㄴ,krdict
조럼,ㅈㅗㄹㅓㅁ,krdict
조력,ㅈㅗㄹㅕㄱ,krdict
조련,ㅈㅗㄹㅕㄴ,krdict
조례,ㅈㅗㄹㅕㅣ,krdict
조롱,ㅈㅗㄹㅗㅇ,krdict
조림,ㅈㅗㄹㅣㅁ,krdict
조립,ㅈㅗㄹㅣㅂ,krdict
조막,ㅈㅗㅁㅏㄱ,krdict
조만,ㅈㅗㅁㅏㄴ,krdict
조망,ㅈㅗㅁㅏㅇ,krdict
조명,ㅈㅗㅁㅕㅇ,candidates
조목,ㅈㅗㅁㅗㄱ,krdict
조문,ㅈㅗㅁㅜㄴ,krdict
좁다,ㅈㅗㅂㄷㅏ,krdict
조반,ㅈㅗㅂㅏㄴ,krdict
조산,ㅈㅗㅅㅏㄴ,krdict
조상,ㅈㅗㅅㅏㅇ,candidates
조석,ㅈㅗㅅㅓㄱ,krdict
조선,ㅈㅗㅅㅓㄴ,krdict
조성,ㅈㅗㅅㅓㅇ,krdict
조세,ㅈㅗㅅㅓㅣ,krdict
조손,ㅈㅗㅅㅗㄴ,krdict
조숙,ㅈㅗㅅㅜㄱ,krdict
조식,ㅈㅗㅅㅣㄱ,krdict
조신,ㅈㅗㅅㅣㄴ,krdict
조심,ㅈㅗㅅㅣㅁ,krdict
종가,ㅈㅗㅇㄱㅏ,krdict
종교,ㅈㅗㅇㄱㅛ,candidates
종기,ㅈㅗㅇㄱㅣ,krdict
종로,ㅈㅗㅇㄹㅗ,krdict
종료,ㅈㅗㅇㄹㅛ,krdict
종류,ㅈㅗㅇㄹㅠ,candidates
종묘,ㅈㅗㅇㅁㅛ,krdict
종이,ㅈㅗㅇㅇㅣ,candidates
종자,ㅈㅗㅇㅈㅏ,krdict
종지,ㅈㅗㅇㅈㅣ,krdict
종파,ㅈㅗㅇㅍㅏ,krdict
조약,ㅈㅗㅇㅑㄱ,krdict
조언,ㅈㅗㅇㅓㄴ,krdict
조업,ㅈㅗㅇㅓㅂ,krdict
조역,ㅈㅗㅇㅕㄱ,krdict
조연,ㅈㅗㅇㅕㄴ,krdict
조예,ㅈㅗㅇㅕㅣ,krdict
조율,ㅈㅗㅇㅠㄹ,krdict
조응,ㅈㅗㅇㅡㅇ,krdict
조의,ㅈㅗㅇㅡㅣ,krdict
조인,ㅈㅗㅇㅣㄴ,krdict
조작,ㅈㅗㅈㅏㄱ,krdict
조장,ㅈㅗㅈㅏㅇ,krdict
조절,ㅈㅗㅈㅓㄹ,candidates
조정,ㅈㅗㅈㅓㅇ,candidates
조제,ㅈㅗㅈㅓㅣ,krdict
조종,ㅈㅗㅈㅗㅇ,krdict
조준,ㅈㅗㅈㅜㄴ,krdict
조직,ㅈㅗㅈㅣㄱ,candidates
조짐,ㅈㅗㅈㅣㅁ,krdict
좇다,ㅈㅗㅊㄷㅏ,krdict
조찬,ㅈㅗㅊㅏㄴ,krdict
조청,ㅈㅗㅊㅓㅇ,krdict
조퇴,ㅈㅗㅌㅗㅣ,krdict
조판,ㅈㅗㅍㅏㄴ,krdict
조폐,ㅈㅗㅍㅕㅣ,krdict
좋다,ㅈㅗㅎㄷㅏ,krdict
좋아,ㅈㅗㅎㅇㅏ,krdict
조합,ㅈㅗㅎㅏㅂ,krdict
조항,ㅈㅗㅎㅏㅇ,krdict
조혼,ㅈㅗㅎㅗㄴ,krdict
조화,ㅈㅗㅎㅗㅏ,krdict
조회,ㅈㅗㅎㅗㅣ,krdict
좌시,ㅈㅗㅏㅅㅣ,krdict
좌우,ㅈㅗㅏㅇㅜ,candidates
좌초,ㅈㅗㅏㅊㅗ,krdict
좌파,ㅈㅗㅏㅍㅏ,krdict
좌표,ㅈㅗㅏㅍㅛ,krdict
죄다,ㅈㅗㅣㄷㅏ,krdict
죄수,ㅈㅗㅣㅅㅜ,krdict
죽기,ㅈㅜㄱㄱㅣ,krdict
죽다,ㅈㅜㄱㄷㅏ,krdict
죽지,ㅈㅜㄱㅈㅣ,krdict
주간,ㅈㅜㄱㅏㄴ,krdict
주걱,ㅈㅜㄱㅓㄱ,krdict
주검,ㅈㅜㄱㅓㅁ,krdict
주격,ㅈㅜㄱㅕㄱ,krdict
주군,ㅈㅜㄱㅜㄴ,krdict
주급,ㅈㅜㄱㅡㅂ,krdict
준거,ㅈㅜㄴㄱㅓ,krdict
준마,ㅈㅜㄴㅁㅏ,krdict
준비,ㅈㅜㄴㅂㅣ,candidates
준수,ㅈㅜㄴㅅㅜ,krdict
준치,ㅈㅜㄴㅊㅣ,krdict
주년,ㅈㅜㄴㅕㄴ,krdict
주눅,ㅈㅜㄴㅜㄱ,krdict
주님,ㅈㅜㄴㅣㅁ,krdict
주당,ㅈㅜㄷㅏㅇ,krdict
주동,ㅈㅜㄷㅗㅇ,krdict
주둔,ㅈㅜㄷㅜㄴ,krdict
줄기,ㅈㅜㄹㄱㅣ,candidates
줄다,ㅈㅜㄹㄷㅏ,krdict
줄자,ㅈㅜㄹㅈㅏ,krdict
줄표,ㅈㅜㄹㅍㅛ,krdict
주량,ㅈㅜㄹㅑㅇ,krdict
주력,ㅈㅜㄹㅕㄱ,krdict
주례,ㅈㅜㄹㅕㅣ,krdict
주룩,ㅈㅜㄹㅜㄱ,krdict
주름,ㅈㅜㄹㅡㅁ,candidates
주막,ㅈㅜㅁㅏㄱ,krdict
주말,ㅈㅜㅁㅏㄹ,candidates
주먹,ㅈㅜㅁㅓㄱ,candidates
주목,ㅈㅜㅁㅗㄱ,krdict
주몽,ㅈㅜㅁㅗㅇ,krdict
주문,ㅈㅜㅁㅜㄴ,candidates
주민,ㅈㅜㅁㅣㄴ,candidates
줍다,ㅈㅜㅂㄷㅏ,krdict
주발,ㅈㅜㅂㅏㄹ,krdict
주방,ㅈㅜㅂㅏㅇ,candidates
주번,ㅈㅜㅂㅓㄴ,krdict
주범,ㅈㅜㅂㅓㅁ,krdict
주벽,ㅈㅜㅂㅕㄱ,krdict
주변,ㅈㅜㅂㅕㄴ,candidates
주봉,ㅈㅜㅂㅗㅇ,krdict
주빈,ㅈㅜㅂㅣㄴ,krdict
주산,ㅈㅜㅅㅏㄴ,krdict
주상,ㅈㅜㅅㅏㅇ,krdict
주석,ㅈㅜㅅㅓㄱ,krdict
주선,ㅈㅜㅅㅓㄴ,krdict
주술,ㅈㅜㅅㅜㄹ,krdict
주식,ㅈㅜㅅㅣㄱ,candidates
주심,ㅈㅜㅅㅣㅁ,krdict
중고,ㅈㅜㅇㄱㅗ,krdict
중기,ㅈㅜㅇㄱㅣ,krdict
중도,ㅈㅜㅇㄷㅗ,krdict
중류,ㅈㅜㅇㄹㅠ,krdict
중부,ㅈㅜㅇㅂㅜ,candidates
중사,ㅈㅜㅇㅅㅏ,krdict
중소,ㅈㅜㅇㅅㅗ,krdict
중수,ㅈㅜㅇㅅㅜ,krdict
중시,ㅈㅜㅇㅅㅣ,krdict
중요,ㅈㅜㅇㅇㅛ,candidates
중지,ㅈㅜㅇㅈㅣ,krdict
중추,ㅈㅜㅇㅊㅜ,krdict
중히,ㅈㅜㅇㅎㅣ,krdict
주업,ㅈㅜㅇㅓㅂ,krdict
주역,ㅈㅜㅇㅕㄱ,krdict
주연,ㅈㅜㅇㅕㄴ,krdict
주옥,ㅈㅜㅇㅗㄱ,krdict
주위,ㅈㅜㅇㅜㅣ,candidates
주의,ㅈㅜㅇㅡㅣ,candidates
주인,ㅈㅜㅇㅣㄴ,candidates
주일,ㅈㅜㅇㅣㄹ,krdict
주임,ㅈㅜㅇㅣㅁ,krdict
주입,ㅈㅜㅇㅣㅂ,krdict
주작,ㅈㅜㅈㅏㄱ,krdict
주장,ㅈㅜㅈㅏㅇ,candidates
주재,ㅈㅜㅈㅏㅣ,krdict
주전,ㅈㅜㅈㅓㄴ,krdict
주점,ㅈㅜㅈㅓㅁ,krdict
주접,ㅈㅜㅈㅓㅂ,krdict
주정,ㅈㅜㅈㅓㅇ,krdict
주제,ㅈㅜㅈㅓㅣ,candidates
주종,ㅈㅜㅈㅗㅇ,krdict
주중,ㅈㅜㅈㅜㅇ,krdict
주창,ㅈㅜㅊㅏㅇ,krdict
주체,ㅈㅜㅊㅓㅣ,krdict
주총,ㅈㅜㅊㅗㅇ,krdict
주최,ㅈㅜㅊㅗㅣ,krdict
주축,ㅈㅜㅊㅜㄱ,krdict
주춤,ㅈㅜㅊㅜㅁ,krdict
주판,ㅈㅜㅍㅏㄴ,krdict
주필,ㅈㅜㅍㅣㄹ,krdict
주한,ㅈㅜㅎㅏㄴ,candidates
주해,ㅈㅜㅎㅏㅣ,krdict
주홍,ㅈㅜㅎㅗㅇ,krdict
주화,ㅈㅜㅎㅗㅏ,krdict
쥐다,ㅈㅜㅣㄷㅏ,krdict
쥐치,ㅈㅜㅣㅊㅣ,krdict
쥐포,ㅈㅜㅣㅍㅗ,krdict
즉사,ㅈㅡㄱㅅㅏ,krdict
즉시,ㅈㅡㄱㅅㅣ,candidates
즉효,ㅈㅡㄱㅎㅛ,krdict
증가,ㅈㅡㅇㄱㅏ,candidates
증거,ㅈㅡㅇㄱㅓ,candidates
증기,ㅈㅡㅇㄱㅣ,krdict
증류,ㅈㅡㅇㄹㅠ,krdict
증보,ㅈㅡㅇㅂㅗ,krdict
증서,ㅈㅡㅇㅅㅓ,krdict
증시,ㅈㅡㅇㅅㅣ,krdict
증여,ㅈㅡㅇㅇㅕ,krdict
증오,ㅈㅡㅇㅇㅗ,krdict
증자,ㅈㅡㅇㅈㅏ,krdict
증조,ㅈㅡㅇㅈㅗ,krdict
증표,ㅈㅡㅇㅍㅛ,krdict
증후,ㅈㅡㅇㅎㅜ,krdict
즈음,ㅈㅡㅇㅡㅁ,krdict
직구,ㅈㅣㄱㄱㅜ,krdict
직녀,ㅈㅣㄱㄴㅕ,krdict
직류,ㅈㅣㄱㄹㅠ,krdict
직모,ㅈㅣㄱㅁㅗ,krdict
직무,ㅈㅣㄱㅁㅜ,krdict
직시,ㅈㅣㄱㅅㅣ,krdict
직조,ㅈㅣㄱㅈㅗ,krdict
직후,ㅈㅣㄱㅎㅜ,candidates
지각,ㅈㅣㄱㅏㄱ,candidates
지갑,ㅈㅣㄱㅏㅂ,candidates
지게,ㅈㅣㄱㅓㅣ,krdict
지경,ㅈㅣㄱㅕㅇ,krdict
지국,ㅈㅣㄱㅜㄱ,krdict
지금,ㅈㅣㄱㅡㅁ,candidates
지급,ㅈㅣㄱㅡㅂ,candidates
진가,ㅈㅣㄴㄱㅏ,krdict
진노,ㅈㅣㄴㄴㅗ,krdict
진도,ㅈㅣㄴㄷㅗ,krdict
진두,ㅈㅣㄴㄷㅜ,krdict
진로,ㅈㅣㄴㄹㅗ,candidates
진료,ㅈㅣㄴㄹㅛ,candidates
진리,ㅈㅣㄴㄹㅣ,candidates
진미,ㅈㅣㄴㅁㅣ,krdict
진보,ㅈㅣㄴㅂㅗ,krdict
진부,ㅈㅣㄴㅂㅜ,krdict
진수,ㅈㅣㄴㅅㅜ,krdict
진자,ㅈㅣㄴㅈㅏ,krdict
진주,ㅈㅣㄴㅈㅜ,krdict
진지,ㅈㅣㄴㅈㅣ,krdict
진토,ㅈㅣㄴㅌㅗ,krdict
진피,ㅈㅣㄴㅍㅣ,krdict
지능,ㅈㅣㄴㅡㅇ,candidates
지단,ㅈㅣㄷㅏㄴ,krdict
지대,ㅈㅣㄷㅏㅣ,candidates
질다,ㅈㅣㄹㄷㅏ,krdict
질부,ㅈㅣㄹㅂㅜ,krdict
질서,ㅈㅣㄹㅅㅓ,candidates
질소,ㅈㅣㄹㅅㅗ,krdict
질시,ㅈㅣㄹㅅㅣ,krdict
질주,ㅈㅣㄹㅈㅜ,krdict
질타,ㅈㅣㄹㅌㅏ,krdict
질투,ㅈㅣㄹㅌㅜ,krdict
지랄,ㅈㅣㄹㅏㄹ,krdict
지략,ㅈㅣㄹㅑㄱ,krdict
지레,ㅈㅣㄹㅓㅣ,krdict
지령,ㅈㅣㄹㅕㅇ,krdict
지론,ㅈㅣㄹㅗㄴ,krdict
지뢰,ㅈㅣㄹㅗㅣ,krdict
지름,ㅈㅣㄹㅡㅁ,krdict
짐차,ㅈㅣㅁㅊㅏ,krdict
지망,ㅈㅣㅁㅏㅇ,krdict
지면,ㅈㅣㅁㅕㄴ,krdict
지명,ㅈㅣㅁㅕㅇ,krdict
지목,ㅈㅣㅁㅗㄱ,krdict
지문,ㅈㅣㅁㅜㄴ,krdict
집기,ㅈㅣㅂㄱㅣ,krdict
집다,ㅈㅣㅂㄷㅏ,krdict
집도,ㅈㅣㅂㄷㅗ,krdict
집무,ㅈㅣㅂㅁㅜ,krdict
집사,ㅈㅣㅂㅅㅏ,krdict
집시,ㅈㅣㅂㅅㅣ,krdict
집터,ㅈㅣㅂㅌㅓ,krdict
지반,ㅈㅣㅂㅏㄴ,krdict
지방,ㅈㅣㅂㅏㅇ,candidates
지배,ㅈㅣㅂㅏㅣ,krdict
지병,ㅈㅣㅂㅕㅇ,krdict
지분,ㅈㅣㅂㅜㄴ,krdict
지불,ㅈㅣㅂㅜㄹ,krdict
지붕,ㅈㅣㅂㅜㅇ,candidates
짓다,ㅈㅣㅅㄷㅏ,krdict
지상,ㅈㅣㅅㅏㅇ,krdict
지석,ㅈㅣㅅㅓㄱ,krdict
지성,ㅈㅣㅅㅓㅇ,krdict
지세,ㅈㅣㅅㅓㅣ,krdict
지속,ㅈㅣㅅㅗㄱ,krdict
지식,ㅈㅣㅅㅣㄱ,candidates
징수,ㅈㅣㅇㅅㅜ,krdict
징조,ㅈㅣㅇㅈㅗ,krdict
징표,ㅈㅣㅇㅍㅛ,krdict
징후,ㅈㅣㅇㅎㅜ,krdict
지압,ㅈㅣㅇㅏㅂ,krdict
지양,ㅈㅣㅇㅑㅇ,krdict
지역,ㅈㅣㅇㅕㄱ,candidates
지연,ㅈㅣㅇㅕㄴ,krdict
지열,ㅈㅣㅇㅕㄹ,krdict
지엽,ㅈㅣㅇㅕㅂ,krdict
지옥,ㅈㅣㅇㅗㄱ,krdict
지위,ㅈㅣㅇㅜㅣ,candidates
지읒,ㅈㅣㅇㅡㅈ,krdict
지인,ㅈㅣㅇㅣㄴ,krdict
짖다,ㅈㅣㅈㄷㅏ,krdict
지장,ㅈㅣㅈㅏㅇ,krdict
지적,ㅈㅣㅈㅓㄱ,candidates
지점,ㅈㅣㅈㅓㅁ,candidates
지정,ㅈㅣㅈㅓㅇ,krdict
지존,ㅈㅣㅈㅗㄴ,krdict
지진,ㅈㅣㅈㅣㄴ,candidates
지질,ㅈㅣㅈㅣㄹ,krdict
지참,ㅈㅣㅊㅏㅁ,krdict
지척,ㅈㅣㅊㅓㄱ,krdict
지천,ㅈㅣㅊㅓㄴ,krdict
지체,ㅈㅣㅊㅓㅣ,krdict
지축,ㅈㅣㅊㅜㄱ,krdict
지출,ㅈㅣㅊㅜㄹ,candidates
지층,ㅈㅣㅊㅡㅇ,krdict
지침,ㅈㅣㅊㅣㅁ,krdict
지칭,ㅈㅣㅊㅣㅇ,krdict
짙다,ㅈㅣㅌㄷㅏ,krdict
지탄,ㅈㅣㅌㅏㄴ,krdict
짚다,ㅈㅣㅍㄷㅏ,krdict
지평,ㅈㅣㅍㅕㅇ,krdict
지폐,ㅈㅣㅍㅕㅣ,candidates
지향,ㅈㅣㅎㅑㅇ,krdict
지혈,ㅈㅣㅎㅕㄹ,krdict
지형,ㅈㅣㅎㅕㅇ,krdict
지혜,ㅈㅣㅎㅕㅣ,candidates
지휘,ㅈㅣㅎㅜㅣ,krdict
착수,ㅊㅏㄱㅅㅜ,krdict
착시,ㅊㅏㄱㅅㅣ,krdict
착오,ㅊㅏㄱㅇㅗ,krdict
착지,ㅊㅏㄱㅈㅣ,krdict
찬가,ㅊㅏㄴㄱㅏ,krdict
찬기,ㅊㅏㄴㄱㅣ,krdict
찬미,ㅊㅏㄴㅁㅣ,krdict
찬비,ㅊㅏㄴㅂㅣ,krdict
찬사,ㅊㅏㄴㅅㅏ,krdict
찬조,ㅊㅏㄴㅈㅗ,krdict
차남,ㅊㅏㄴㅏㅁ,candidates
차단,ㅊㅏㄷㅏㄴ,krdict
차돌,ㅊㅏㄷㅗㄹ,krdict
차등,ㅊㅏㄷㅡㅇ,krdict
찰나,ㅊㅏㄹㄴㅏ,krdict
찰벼,ㅊㅏㄹㅂㅕ,krdict
차량,ㅊㅏㄹㅑㅇ,candidates
차렷,ㅊㅏㄹㅕㅅ,krdict
차례,ㅊㅏㄹㅕㅣ,candidates
차림,ㅊㅏㄹㅣㅁ,candidates
참가,ㅊㅏㅁㄱㅏ,candidates
참고,ㅊㅏㅁㄱㅗ,krdict
참다,ㅊㅏㅁㄷㅏ,krdict
참모,ㅊㅏㅁㅁㅗ,krdict
참사,ㅊㅏㅁㅅㅏ,krdict
참여,ㅊㅏㅁㅇㅕ,candidates
참조,ㅊㅏㅁㅈㅗ,candidates
참치,ㅊㅏㅁㅊㅣ,krdict
참호,ㅊㅏㅁㅎㅗ,krdict
차명,ㅊㅏㅁㅕㅇ,krdict
차반,ㅊㅏㅂㅏㄴ,krdict
차별,ㅊㅏㅂㅕㄹ,candidates
차선,ㅊㅏㅅㅓㄴ,candidates
창가,ㅊㅏㅇㄱㅏ,candidates
창고,ㅊㅏㅇㄱㅗ,candidates
창구,ㅊㅏㅇㄱㅜ,candidates
창녀,ㅊㅏㅇㄴㅕ,krdict
창시,ㅊㅏㅇㅅㅣ,krdict
창자,ㅊㅏㅇㅈㅏ,krdict
창조,ㅊㅏㅇㅈㅗ,candidates
창포,ㅊㅏㅇㅍㅗ,krdict
창피,ㅊㅏㅇㅍㅣ,krdict
차압,ㅊㅏㅇㅏㅂ,krdict
차양,ㅊㅏㅇㅑㅇ,krdict
차용,ㅊㅏㅇㅛㅇ,krdict
차익,ㅊㅏㅇㅣㄱ,krdict
차일,ㅊㅏㅇㅣㄹ,krdict
차입,ㅊㅏㅇㅣㅂ,krdict
찾다,ㅊㅏㅈㄷㅏ,krdict
차장,ㅊㅏㅈㅏㅇ,krdict
차제,ㅊㅏㅈㅓㅣ,krdict
차종,ㅊㅏㅈㅗㅇ,krdict
차질,ㅊㅏㅈㅣㄹ,krdict
차창,ㅊㅏㅊㅏㅇ,candidates
차체,ㅊㅏㅊㅓㅣ,krdict
차출,ㅊㅏㅊㅜㄹ,krdict
차츰,ㅊㅏㅊㅡㅁ,krdict
차편,ㅊㅏㅍㅕㄴ,krdict
채다,ㅊㅏㅣㄷㅏ,krdict
채도,ㅊㅏㅣㄷㅗ,krdict
채무,ㅊㅏㅣㅁㅜ,krdict
채비,ㅊㅏㅣㅂㅣ,krdict
채소,ㅊㅏㅣㅅㅗ,candidates
척도,ㅊㅓㄱㄷㅗ,krdict
척수,ㅊㅓㄱㅅㅜ,krdict
척추,ㅊㅓㄱㅊㅜ,krdict
천거,ㅊㅓㄴㄱㅓ,krdict
천고,ㅊㅓㄴㄱㅗ,krdict
천기,ㅊㅓㄴㄱㅣ,krdict
천도,ㅊㅓㄴㄷㅗ,krdict
천리,ㅊㅓㄴㄹㅣ,krdict
천부,ㅊㅓㄴㅂㅜ,krdict
천사,ㅊㅓㄴㅅㅏ,krdict
천시,ㅊㅓㄴㅅㅣ,krdict
천지,ㅊㅓㄴㅈㅣ,krdict
천추,ㅊㅓㄴㅊㅜ,krdict
천치,ㅊㅓㄴㅊㅣ,krdict
천하,ㅊㅓㄴㅎㅏ,krdict
처남,ㅊㅓㄴㅏㅁ,krdict
처단,ㅊㅓㄷㅏㄴ,krdict
철거,ㅊㅓㄹㄱㅓ,krdict
철교,ㅊㅓㄹㄱㅛ,krdict
철기,ㅊㅓㄹㄱㅣ,krdict
철도,ㅊㅓㄹㄷㅗ,candidates
철로,ㅊㅓㄹㄹㅗ,krdict
철마,ㅊㅓㄹㅁㅏ,krdict
철모,ㅊㅓㄹㅁㅗ,krdict
철사,ㅊㅓㄹㅅㅏ,krdict
철수,ㅊㅓㄹㅅㅜ,krdict
철야,ㅊㅓㄹㅇㅑ,krdict
철자,ㅊㅓㄹㅈㅏ,krdict
철저,ㅊㅓㄹㅈㅓ,krdict
처럼,ㅊㅓㄹㅓㅁ,krdict
첨가,ㅊㅓㅁㄱㅏ,krdict
첨부,ㅊㅓㅁㅂㅜ,krdict
첩보,ㅊㅓㅂㅂㅗ,krdict
첩자,ㅊㅓㅂㅈㅏ,krdict
처방,ㅊㅓㅂㅏㅇ,krdict
처벌,ㅊㅓㅂㅓㄹ,candidates
처분,ㅊㅓㅂㅜㄴ,krdict
첫차,ㅊㅓㅅㅊㅏ,krdict
처세,ㅊㅓㅅㅓㅣ,krdict
처신,ㅊㅓㅅㅣㄴ,krdict
청구,ㅊㅓㅇㄱㅜ,krdict
청사,ㅊㅓㅇㅅㅏ,krdict
청소,ㅊㅓㅇㅅㅗ,candidates
청유,ㅊㅓㅇㅇㅠ,krdict
청자,ㅊㅓㅇㅈㅏ,krdict
청주,ㅊㅓㅇㅈㅜ,krdict
처음,ㅊㅓㅇㅡㅁ,candidates
처장,ㅊㅓㅈㅏㅇ,krdict
처제,ㅊㅓㅈㅓㅣ,krdict
처첩,ㅊㅓㅊㅓㅂ,krdict
처형,ㅊㅓㅎㅕㅇ,krdict
체구,ㅊㅓㅣㄱㅜ,krdict
체류,ㅊㅓㅣㄹㅠ,krdict
체모,ㅊㅓㅣㅁㅗ,krdict
체스,ㅊㅓㅣㅅㅡ,krdict
체조,ㅊㅓㅣㅈㅗ,candidates
체코,ㅊㅓㅣㅋㅗ,krdict
체크,ㅊㅓㅣㅋㅡ,krdict
체포,ㅊㅓㅣㅍㅗ,krdict
촉구,ㅊㅗㄱㄱㅜ,krdict
촉수,ㅊㅗㄱㅅㅜ,krdict
초경,ㅊㅗㄱㅕㅇ,krdict
초과,ㅊㅗㄱㅗㅏ,krdict
초급,ㅊㅗㄱㅡㅂ,krdict
촌가,ㅊㅗㄴㄱㅏ,krdict
촌로,ㅊㅗㄴㄹㅗ,krdict
촌부,ㅊㅗㄴㅂㅜ,krdict
촌수,ㅊㅗㄴㅅㅜ,krdict
촌지,ㅊㅗㄴㅈㅣ,krdict
촌티,ㅊㅗㄴㅌㅣ,krdict
초년,ㅊㅗㄴㅕㄴ,krdict
초대,ㅊㅗㄷㅏㅣ,candidates
초동,ㅊㅗㄷㅗㅇ,krdict
초등,ㅊㅗㄷㅡㅇ,krdict
초래,ㅊㅗㄹㅏㅣ,krdict
초례,ㅊㅗㄹㅕㅣ,krdict
초록,ㅊㅗㄹㅗㄱ,krdict
초롱,ㅊㅗㄹㅗㅇ,krdict
초막,ㅊㅗㅁㅏㄱ,krdict
초면,ㅊㅗㅁㅕㄴ,krdict
초목,ㅊㅗㅁㅗㄱ,krdict
초반,ㅊㅗㅂㅏㄴ,candidates
초밥,ㅊㅗㅂㅏㅂ,candidates
초벌,ㅊㅗㅂㅓㄹ,krdict
초범,ㅊㅗㅂㅓㅁ,krdict
초병,ㅊㅗㅂㅕㅇ,krdict
초복,ㅊㅗㅂㅗㄱ,krdict
초본,ㅊㅗㅂㅗㄴ,krdict
초봄,ㅊㅗㅂㅗㅁ,krdict
초빙,ㅊㅗㅂㅣㅇ,krdict
초산,ㅊㅗㅅㅏㄴ,krdict
초상,ㅊㅗㅅㅏㅇ,krdict
초석,ㅊㅗㅅㅓㄱ,krdict
초선,ㅊㅗㅅㅓㄴ,krdict
초성,ㅊㅗㅅㅓㅇ,krdict
초속,ㅊㅗㅅㅗㄱ,krdict
초순,ㅊㅗㅅㅜㄴ,candidates
초식,ㅊㅗㅅㅣㄱ,krdict
초심,ㅊㅗㅅㅣㅁ,krdict
총구,ㅊㅗㅇㄱㅜ,krdict
총기,ㅊㅗㅇㄱㅣ,krdict
총리,ㅊㅗㅇㄹㅣ,candidates
총무,ㅊㅗㅇㅁㅜ,krdict
총서,ㅊㅗㅇㅅㅓ,krdict
총수,ㅊㅗㅇㅅㅜ,krdict
총아,ㅊㅗㅇㅇㅏ,krdict
초안,ㅊㅗㅇㅏㄴ,krdict
초연,ㅊㅗㅇㅕㄴ,krdict
초엽,ㅊㅗㅇㅕㅂ,krdict
초인,ㅊㅗㅇㅣㄴ,krdict
초임,ㅊㅗㅇㅣㅁ,krdict
초입,ㅊㅗㅇㅣㅂ,krdict
초장,ㅊㅗㅈㅏㅇ,krdict
초점,ㅊㅗㅈㅓㅁ,candidates
초정,ㅊㅗㅈㅓㅇ,krdict
초진,ㅊㅗㅈㅣㄴ,krdict
초청,ㅊㅗㅊㅓㅇ,candidates
초침,ㅊㅗㅊㅣㅁ,krdict
초탈,ㅊㅗㅌㅏㄹ,krdict
초판,ㅊㅗㅍㅏㄴ,krdict
초혼,ㅊㅗㅎㅗㄴ,krdict
최고,ㅊㅗㅣㄱㅗ,candidates
최다,ㅊㅗㅣㄷㅏ,krdict
최소,ㅊㅗㅣㅅㅗ,candidates
최저,ㅊㅗㅣㅈㅓ,candidates
최초,ㅊㅗㅣㅊㅗ,candidates
최하,ㅊㅗㅣㅎㅏ,krdict
최후,ㅊㅗㅣㅎㅜ,candidates
축가,ㅊㅜㄱㄱㅏ,krdict
축구,ㅊㅜㄱㄱㅜ,candidates
축도,ㅊㅜㄱㄷㅗ,krdict
축사,ㅊㅜㄱㅅㅏ,krdict
축소,ㅊㅜㄱㅅㅗ,candidates
축수,ㅊㅜㄱㅅㅜ,krdict
축조,ㅊㅜㄱㅈㅗ,krdict
축포,ㅊㅜㄱㅍㅗ,krdict
축하,ㅊㅜㄱㅎㅏ,candidates
추격,ㅊㅜㄱㅕㄱ,krdict
추계,ㅊㅜㄱㅕㅣ,krdict
추곡,ㅊㅜㄱㅗㄱ,krdict
추궁,ㅊㅜㄱㅜㅇ,krdict
춘추,ㅊㅜㄴㅊㅜ,krdict
추남,ㅊㅜㄴㅏㅁ,krdict
추념,ㅊㅜㄴㅕㅁ,krdict
추대,ㅊㅜㄷㅏㅣ,krdict
추돌,ㅊㅜㄷㅗㄹ,krdict
출가,ㅊㅜㄹㄱㅏ,krdict
출고,ㅊㅜㄹㄱㅗ,krdict
출구,ㅊㅜㄹㄱㅜ,candidates
출두,ㅊㅜㄹㄷㅜ,krdict
출마,ㅊㅜㄹㅁㅏ,krdict
출소,ㅊㅜㄹㅅㅗ,krdict
출시,ㅊㅜㄹㅅㅣ,krdict
출어,ㅊㅜㄹㅇㅓ,krdict
출자,ㅊㅜㄹㅈㅏ,krdict
출처,ㅊㅜㄹㅊㅓ,krdict
출타,ㅊㅜㄹㅌㅏ,krdict
출토,ㅊㅜㄹㅌㅗ,krdict
출하,ㅊㅜㄹㅎㅏ,krdict
추락,ㅊㅜㄹㅏㄱ,krdict
추렴,ㅊㅜㄹㅕㅁ,krdict
추론,ㅊㅜㄹㅗㄴ,krdict
추문,ㅊㅜㅁㅜㄴ,krdict
춥다,ㅊㅜㅂㄷㅏ,krdict
추방,ㅊㅜㅂㅏㅇ,krdict
추분,ㅊㅜㅂㅜㄴ,krdict
추산,ㅊㅜㅅㅏㄴ,krdict
추상,ㅊㅜㅅㅏㅇ,krdict
추석,ㅊㅜㅅㅓㄱ,candidates
추세,ㅊㅜㅅㅓㅣ,krdict
추신,ㅊㅜㅅㅣㄴ,krdict
충고,ㅊㅜㅇㄱㅗ,candidates
충치,ㅊㅜㅇㅊㅣ,krdict
충효,ㅊㅜㅇㅎㅛ,krdict
추악,ㅊㅜㅇㅏㄱ,krdict
추앙,ㅊㅜㅇㅏㅇ,krdict
추억,ㅊㅜㅇㅓㄱ,candidates
추위,ㅊㅜㅇㅜㅣ,candidates
추장,ㅊㅜㅈㅏㅇ,krdict
추적,ㅊㅜㅈㅓㄱ,krdict
추정,ㅊㅜㅈㅓㅇ,krdict
추종,ㅊㅜㅈㅗㅇ,krdict
추진,ㅊㅜㅈㅣㄴ,candidates
추징,ㅊㅜㅈㅣㅇ,krdict
추천,ㅊㅜㅊㅓㄴ,candidates
추첨,ㅊㅜㅊㅓㅁ,krdict
추출,ㅊㅜㅊㅜㄹ,krdict
추측,ㅊㅜㅊㅡㄱ,candidates
추태,ㅊㅜㅌㅏㅣ,krdict
취기,ㅊㅜㅣㄱㅣ,krdict
취미,ㅊㅜㅣㅁㅣ,candidates
취사,ㅊㅜㅣㅅㅏ,krdict
취소,ㅊㅜㅣㅅㅗ,candidates
취조,ㅊㅜㅣㅈㅗ,krdict
취지,ㅊㅜㅣㅈㅣ,krdict
취하,ㅊㅜㅣㅎㅏ,krdict
층수,ㅊㅡㅇㅅㅜ,krdict
치골,ㅊㅣㄱㅗㄹ,krdict
치과,ㅊㅣㄱㅗㅏ,candidates
친가,ㅊㅣㄴㄱㅏ,krdict
친교,ㅊㅣㄴㄱㅛ,krdict
친구,ㅊㅣㄴㄱㅜ,candidates
친모,ㅊㅣㄴㅁㅗ,krdict
친부,ㅊㅣㄴㅂㅜ,krdict
친서,ㅊㅣㄴㅅㅓ,krdict
친자,ㅊㅣㄴㅈㅏ,krdict
친지,ㅊㅣㄴㅈㅣ,krdict
친히,ㅊㅣㄴㅎㅣ,krdict
칠기,ㅊㅣㄹㄱㅣ,krdict
침구,ㅊㅣㅁㄱㅜ,krdict
침수,ㅊㅣㅁㅅㅜ,krdict
침투,ㅊㅣㅁㅌㅜ,krdict
치매,ㅊㅣㅁㅏㅣ,krdict
칩거,ㅊㅣㅂㄱㅓ,krdict
치석,ㅊㅣㅅㅓㄱ,krdict
치실,ㅊㅣㅅㅣㄹ,krdict
칭호,ㅊㅣㅇㅎㅗ,krdict
치안,ㅊㅣㅇㅏㄴ,krdict
치약,ㅊㅣㅇㅑㄱ,candidates
치열,ㅊㅣㅇㅕㄹ,krdict
치욕,ㅊㅣㅇㅛㄱ,krdict
치읓,ㅊㅣㅇㅡㅊ,krdict
치장,ㅊㅣㅈㅏㅇ,krdict
치적,ㅊㅣㅈㅓㄱ,krdict
치정,ㅊㅣㅈㅓㅇ,krdict
치중,ㅊㅣㅈㅜㅇ,krdict
치질,ㅊㅣㅈㅣㄹ,krdict
치킨,ㅊㅣㅋㅣㄴ,krdict
치통,ㅊㅣㅌㅗㅇ,krdict
치한,ㅊㅣㅎㅏㄴ,krdict
칼라,ㅋㅏㄹㄹㅏ,krdict
카레,ㅋㅏㄹㅓㅣ,candidates
카페,ㅋㅏㅍㅓㅣ,candidates
카폰,ㅋㅏㅍㅗㄴ,krdict
카풀,ㅋㅏㅍㅜㄹ,krdict
캐다,ㅋㅏㅣㄷㅏ,krdict
커녕,ㅋㅓㄴㅕㅇ,krdict
커닝,ㅋㅓㄴㅣㅇ,krdict
컬러,ㅋㅓㄹㄹㅓ,candidates
커튼,ㅋㅓㅌㅡㄴ,candidates
커플,ㅋㅓㅍㅡㄹ,krdict
케냐,ㅋㅓㅣㄴㅑ,krdict
콘도,ㅋㅗㄴㄷㅗ,krdict
코냑,ㅋㅗㄴㅑㄱ,krdict
코딩,ㅋㅗㄷㅣㅇ,krdict
콜라,ㅋㅗㄹㄹㅏ,candidates
코란,ㅋㅗㄹㅏㄴ,krdict
콤비,ㅋㅗㅁㅂㅣ,krdict
코밑,ㅋㅗㅁㅣㅌ,krdict
코뼈,ㅋㅗㅂㅂㅕ,krdict
콩트,ㅋㅗㅇㅌㅡ,krdict
코앞,ㅋㅗㅇㅏㅍ,krdict
코털,ㅋㅗㅌㅓㄹ,krdict
코팅,ㅋㅗㅌㅣㅇ,krdict
쿠션,ㅋㅜㅅㅕㄴ,krdict
쿠폰,ㅋㅜㅍㅗㄴ,krdict
쿼터,ㅋㅜㅓㅌㅓ,krdict
퀴즈,ㅋㅜㅣㅈㅡ,krdict
큰비,ㅋㅡㄴㅂㅣ,krdict
크림,ㅋㅡㄹㅣㅁ,candidates
킬로,ㅋㅣㄹㄹㅗ,krdict
키위,ㅋㅣㅇㅜㅣ,krdict
키읔,ㅋㅣㅇㅡㅋ,krdict
탁구,ㅌㅏㄱㄱㅜ,candidates
탁류,ㅌㅏㄱㄹㅠ,krdict
탁아,ㅌㅏㄱㅇㅏ,krdict
탁자,ㅌㅏㄱㅈㅏ,candidates
탁주,ㅌㅏㄱㅈㅜ,krdict
타개,ㅌㅏㄱㅏㅣ,krdict
타격,ㅌㅏㄱㅕㄱ,krdict
타결,ㅌㅏㄱㅕㄹ,krdict
타계,ㅌㅏㄱㅕㅣ,krdict
타국,ㅌㅏㄱㅜㄱ,krdict
탄도,ㅌㅏㄴㄷㅗ,krdict
탄로,ㅌㅏㄴㄹㅗ,krdict
탄소,ㅌㅏㄴㅅㅗ,krdict
탄피,ㅌㅏㄴㅍㅣ,krdict
탈고,ㅌㅏㄹㄱㅗ,krdict
탈구,ㅌㅏㄹㄱㅜ,krdict
탈루,ㅌㅏㄹㄹㅜ,krdict
탈모,ㅌㅏㄹㅁㅗ,krdict
탈수,ㅌㅏㄹㅅㅜ,krdict
탈피,ㅌㅏㄹㅍㅣ,krdict
타락,ㅌㅏㄹㅏㄱ,candidates
타래,ㅌㅏㄹㅏㅣ,krdict
타령,ㅌㅏㄹㅕㅇ,krdict
탐구,ㅌㅏㅁㄱㅜ,krdict
탐미,ㅌㅏㅁㅁㅣ,krdict
탐사,ㅌㅏㅁㅅㅏ,krdict
탐지,ㅌㅏㅁㅈㅣ,krdict
타박,ㅌㅏㅂㅏㄱ,krdict
타살,ㅌㅏㅅㅏㄹ,krdict
타석,ㅌㅏㅅㅓㄱ,krdict
타선,ㅌㅏㅅㅓㄴ,krdict
타성,ㅌㅏㅅㅓㅇ,krdict
탕아,ㅌㅏㅇㅇㅏ,krdict
타워,ㅌㅏㅇㅜㅓ,krdict
타율,ㅌㅏㅇㅠㄹ,krdict
타의,ㅌㅏㅇㅡㅣ,krdict
타인,ㅌㅏㅇㅣㄴ,krdict
타일,ㅌㅏㅇㅣㄹ,krdict
타임,ㅌㅏㅇㅣㅁ,krdict
타입,ㅌㅏㅇㅣㅂ,candidates
타작,ㅌㅏㅈㅏㄱ,krdict
타점,ㅌㅏㅈㅓㅁ,krdict
타종,ㅌㅏㅈㅗㅇ,krdict
타향,ㅌㅏㅎㅑㅇ,krdict
타협,ㅌㅏㅎㅕㅂ,krdict
태고,ㅌㅏㅣㄱㅗ,krdict
태교,ㅌㅏㅣㄱㅛ,krdict
태그,ㅌㅏㅣㄱㅡ,krdict
태기,ㅌㅏㅣㄱㅣ,krdict
태도,ㅌㅏㅣㄷㅗ,candidates
태두,ㅌㅏㅣㄷㅜ,krdict
태아,ㅌㅏㅣㅇㅏ,candidates
태자,ㅌㅏㅣㅈㅏ,krdict
태초,ㅌㅏㅣㅊㅗ,krdict
터널,ㅌㅓㄴㅓㄹ,candidates
터득,ㅌㅓㄷㅡㄱ,krdict
털다,ㅌㅓㄹㄷㅏ,krdict
털보,ㅌㅓㄹㅂㅗ,krdict
터럭,ㅌㅓㄹㅓㄱ,krdict
터울,ㅌㅓㅇㅜㄹ,krdict
터전,ㅌㅓㅈㅓㄴ,krdict
테너,ㅌㅓㅣㄴㅓ,krdict
테러,ㅌㅓㅣㄹㅓ,candidates
테마,ㅌㅓㅣㅁㅏ,krdict
토끼,ㅌㅗㄱㄱㅣ,candidates
토건,ㅌㅗㄱㅓㄴ,krdict
토굴,ㅌㅗㄱㅜㄹ,krdict
토담,ㅌㅗㄷㅏㅁ,krdict
토대,ㅌㅗㄷㅏㅣ,candidates
토란,ㅌㅗㄹㅏㄴ,krdict
토록,ㅌㅗㄹㅗㄱ,krdict
토론,ㅌㅗㄹㅗㄴ,candidates
토막,ㅌㅗㅁㅏㄱ,krdict
토목,ㅌㅗㅁㅗㄱ,krdict
톱니,ㅌㅗㅂㄴㅣ,krdict
토방,ㅌㅗㅂㅏㅇ,krdict
토벌,ㅌㅗㅂㅓㄹ,krdict
토성,ㅌㅗㅅㅓㅇ,krdict
토속,ㅌㅗㅅㅗㄱ,krdict
통고,ㅌㅗㅇㄱㅗ,krdict
통기,ㅌㅗㅇㄱㅣ,krdict
통로,ㅌㅗㅇㄹㅗ,candidates
통보,ㅌㅗㅇㅂㅗ,krdict
통사,ㅌㅗㅇㅅㅏ,krdict
통지,ㅌㅗㅇㅈㅣ,krdict
통치,ㅌㅗㅇㅊㅣ,krdict
토양,ㅌㅗㅇㅑㅇ,krdict
토의,ㅌㅗㅇㅡㅣ,krdict
토종,ㅌㅗㅈㅗㅇ,krdict
토질,ㅌㅗㅈㅣㄹ,krdict
토착,ㅌㅗㅊㅏㄱ,krdict
토큰,ㅌㅗㅋㅡㄴ,krdict
토플,ㅌㅗㅍㅡㄹ,krdict
토픽,ㅌㅗㅍㅣㄱ,krdict
토핑,ㅌㅗㅍㅣㅇ,krdict
퇴거,ㅌㅗㅣㄱㅓ,krdict
퇴고,ㅌㅗㅣㄱㅗ,krdict
퇴로,ㅌㅗㅣㄹㅗ,krdict
퇴보,ㅌㅗㅣㅂㅗ,krdict
퇴비,ㅌㅗㅣㅂㅣ,krdict
퇴사,ㅌㅗㅣㅅㅏ,krdict
퇴조,ㅌㅗㅣㅈㅗ,krdict
퇴치,ㅌㅗㅣㅊㅣ,krdict
투계,ㅌㅜㄱㅕㅣ,krdict
투과,ㅌㅜㄱㅗㅏ,krdict
투망,ㅌㅜㅁㅏㅇ,krdict
투매,ㅌㅜㅁㅏㅣ,krdict
투명,ㅌㅜㅁㅕㅇ,krdict
투병,ㅌㅜㅂㅕㅇ,krdict
투석,ㅌㅜㅅㅓㄱ,krdict
투숙,ㅌㅜㅅㅜㄱ,krdict
투신,ㅌㅜㅅㅣㄴ,krdict
퉁소,ㅌㅜㅇㅅㅗ,krdict
투약,ㅌㅜㅇㅑㄱ,krdict
투영,ㅌㅜㅇㅕㅇ,krdict
투옥,ㅌㅜㅇㅗㄱ,krdict
투입,ㅌㅜㅇㅣㅂ,krdict
투정,ㅌㅜㅈㅓㅇ,krdict
투척,ㅌㅜㅊㅓㄱ,krdict
투항,ㅌㅜㅎㅏㅇ,krdict
투혼,ㅌㅜㅎㅗㄴ,krdict
튀기,ㅌㅜㅣㄱㅣ,krdict
튀다,ㅌㅜㅣㄷㅏ,krdict
특가,ㅌㅡㄱㄱㅏ,krdict
특기,ㅌㅡㄱㄱㅣ,krdict
특무,ㅌㅡㄱㅁㅜ,krdict
특보,ㅌㅡㄱㅂㅗ,krdict
특사,ㅌㅡㄱㅅㅏ,krdict
특수,ㅌㅡㄱㅅㅜ,candidates
특유,ㅌㅡㄱㅇㅠ,krdict
특이,ㅌㅡㄱㅇㅣ,krdict
특파,ㅌㅡㄱㅍㅏ,krdict
특허,ㅌㅡㄱㅎㅓ,krdict
특효,ㅌㅡㄱㅎㅛ,krdict
특히,ㅌㅡㄱㅎㅣ,krdict
틀니,ㅌㅡㄹㄴㅣ,krdict
틀다,ㅌㅡㄹㄷㅏ,krdict
트럭,ㅌㅡㄹㅓㄱ,candidates
트림,ㅌㅡㄹㅣㅁ,krdict
트집,ㅌㅡㅈㅣㅂ,krdict
틔다,ㅌㅡㅣㄷㅏ,krdict
티눈,ㅌㅣㄴㅜㄴ,krdict
티읕,ㅌㅣㅇㅡㅌ,krdict
파격,ㅍㅏㄱㅕㄱ,krdict
파견,ㅍㅏㄱㅕㄴ,krdict
파경,ㅍㅏㄱㅕㅇ,krdict
파계,ㅍㅏㄱㅕㅣ,krdict
파괴,ㅍㅏㄱㅗㅣ,krdict
파국,ㅍㅏㄱㅜㄱ,krdict
파급,ㅍㅏㄱㅡㅂ,krdict
판다,ㅍㅏㄴㄷㅏ,krdict
판도,ㅍㅏㄴㄷㅗ,krdict
판로,ㅍㅏㄴㄹㅗ,krdict
판사,ㅍㅏㄴㅅㅏ,candidates
판서,ㅍㅏㄴㅅㅓ,krdict
판자,ㅍㅏㄴㅈㅏ,krdict
파동,ㅍㅏㄷㅗㅇ,krdict
팔다,ㅍㅏㄹㄷㅏ,krdict
팔도,ㅍㅏㄹㄷㅗ,krdict
팔자,ㅍㅏㄹㅈㅏ,krdict
파란,ㅍㅏㄹㅏㄴ,krdict
파랑,ㅍㅏㄹㅏㅇ,krdict
파래,ㅍㅏㄹㅏㅣ,krdict
파면,ㅍㅏㅁㅕㄴ,krdict
파멸,ㅍㅏㅁㅕㄹ,krdict
파문,ㅍㅏㅁㅜㄴ,krdict
파벌,ㅍㅏㅂㅓㄹ,krdict
파병,ㅍㅏㅂㅕㅇ,krdict
파산,ㅍㅏㅅㅏㄴ,krdict
파상,ㅍㅏㅅㅏㅇ,krdict
파선,ㅍㅏㅅㅓㄴ,krdict
파손,ㅍㅏㅅㅗㄴ,krdict
파송,ㅍㅏㅅㅗㅇ,krdict
파악,ㅍㅏㅇㅏㄱ,krdict
파업,ㅍㅏㅇㅓㅂ,krdict
파열,ㅍㅏㅇㅕㄹ,krdict
파울,ㅍㅏㅇㅜㄹ,krdict
파워,ㅍㅏㅇㅜㅓ,krdict
파일,ㅍㅏㅇㅣㄹ,candidates
파장,ㅍㅏㅈㅏㅇ,krdict
파전,ㅍㅏㅈㅓㄴ,krdict
파종,ㅍㅏㅈㅗㅇ,krdict
파직,ㅍㅏㅈㅣㄱ,krdict
파탄,ㅍㅏㅌㅏㄴ,krdict
파편,ㅍㅏㅍㅕㄴ,krdict
파혼,ㅍㅏㅎㅗㄴ,krdict
패기,ㅍㅏㅣㄱㅣ,krdict
패다,ㅍㅏㅣㄷㅏ,krdict
패드,ㅍㅏㅣㄷㅡ,krdict
패소,ㅍㅏㅣㅅㅗ,krdict
패스,ㅍㅏㅣㅅㅡ,krdict
패자,ㅍㅏㅣㅈㅏ,krdict
패치,ㅍㅏㅣㅊㅣ,krdict
펀드,ㅍㅓㄴㄷㅡ,krdict
펀치,ㅍㅓㄴㅊㅣ,krdict
퍼덕,ㅍㅓㄷㅓㄱ,krdict
펌프,ㅍㅓㅁㅍㅡ,krdict
펑크,ㅍㅓㅇㅋㅡ,krdict
퍼즐,ㅍㅓㅈㅡㄹ,krdict
페루,ㅍㅓㅣㄹㅜ,krdict
편도,ㅍㅕㄴㄷㅗ,krdict
편리,ㅍㅕㄴㄹㅣ,krdict
편모,ㅍㅕㄴㅁㅗ,krdict
편수,ㅍㅕㄴㅅㅜ,krdict
편저,ㅍㅕㄴㅈㅓ,krdict
편지,ㅍㅕㄴㅈㅣ,candidates
편차,ㅍㅕㄴㅊㅏ,krdict
편파,ㅍㅕㄴㅍㅏ,krdict
편히,ㅍㅕㄴㅎㅣ,krdict
평가,ㅍㅕㅇㄱㅏ,candidates
평소,ㅍㅕㅇㅅㅗ,candidates
평수,ㅍㅕㅇㅅㅜ,krdict
평시,ㅍㅕㅇㅅㅣ,krdict
평야,ㅍㅕㅇㅇㅑ,krdict
평자,ㅍㅕㅇㅈㅏ,krdict
평지,ㅍㅕㅇㅈㅣ,krdict
폐가,ㅍㅕㅣㄱㅏ,krdict
폐교,ㅍㅕㅣㄱㅛ,krdict
폐기,ㅍㅕㅣㄱㅣ,krdict
폐수,ㅍㅕㅣㅅㅜ,krdict
폐지,ㅍㅕㅣㅈㅣ,candidates
폐차,ㅍㅕㅣㅊㅏ,krdict
폐하,ㅍㅕㅣㅎㅏ,krdict
폐허,ㅍㅕㅣㅎㅓ,krdict
폭거,ㅍㅗㄱㄱㅓ,krdict
폭도,ㅍㅗㄱㄷㅗ,krdict
폭로,ㅍㅗㄱㄹㅗ,krdict
폭리,ㅍㅗㄱㄹㅣ,krdict
폭소,ㅍㅗㄱㅅㅗ,krdict
폭우,ㅍㅗㄱㅇㅜ,krdict
폭주,ㅍㅗㄱㅈㅜ,krdict
폭파,ㅍㅗㄱㅍㅏ,krdict
폭포,ㅍㅗㄱㅍㅗ,krdict
포격,ㅍㅗㄱㅕㄱ,krdict
포경,ㅍㅗㄱㅕㅇ,krdict
포대,ㅍㅗㄷㅏㅣ,krdict
폴더,ㅍㅗㄹㄷㅓ,krdict
포럼,ㅍㅗㄹㅓㅁ,krdict
포목,ㅍㅗㅁㅗㄱ,krdict
포문,ㅍㅗㅁㅜㄴ,krdict
포병,ㅍㅗㅂㅕㅇ,krdict
포복,ㅍㅗㅂㅗㄱ,krdict
포볼,ㅍㅗㅂㅗㄹ,krdict
포상,ㅍㅗㅅㅏㅇ,krdict
포석,ㅍㅗㅅㅓㄱ,krdict
포섭,ㅍㅗㅅㅓㅂ,krdict
포성,ㅍㅗㅅㅓㅇ,krdict
포승,ㅍㅗㅅㅡㅇ,krdict
포식,ㅍㅗㅅㅣㄱ,krdict
포악,ㅍㅗㅇㅏㄱ,krdict
포옹,ㅍㅗㅇㅗㅇ,krdict
포용,ㅍㅗㅇㅛㅇ,krdict
포위,ㅍㅗㅇㅜㅣ,krdict
포장,ㅍㅗㅈㅏㅇ,candidates
포진,ㅍㅗㅈㅣㄴ,krdict
포착,ㅍㅗㅊㅏㄱ,krdict
포탄,ㅍㅗㅌㅏㄴ,krdict
포탈,ㅍㅗㅌㅏㄹ,krdict
포털,ㅍㅗㅌㅓㄹ,krdict
포학,ㅍㅗㅎㅏㄱ,krdict
포함,ㅍㅗㅎㅏㅁ,candidates
포화,ㅍㅗㅎㅗㅏ,krdict
표결,ㅍㅛㄱㅕㄹ,krdict
표독,ㅍㅛㄷㅗㄱ,krdict
표면,ㅍㅛㅁㅕㄴ,candidates
표명,ㅍㅛㅁㅕㅇ,krdict
표방,ㅍㅛㅂㅏㅇ,krdict
표밭,ㅍㅛㅂㅏㅌ,krdict
표범,ㅍㅛㅂㅓㅁ,krdict
표본,ㅍㅛㅂㅗㄴ,krdict
표상,ㅍㅛㅅㅏㅇ,krdict
표식,ㅍㅛㅅㅣㄱ,krdict
표적,ㅍㅛㅈㅓㄱ,krdict
표절,ㅍㅛㅈㅓㄹ,krdict
표정,ㅍㅛㅈㅓㅇ,candidates
표준,ㅍㅛㅈㅜㄴ,candidates
표징,ㅍㅛㅈㅣㅇ,krdict
표찰,ㅍㅛㅊㅏㄹ,krdict
표창,ㅍㅛㅊㅏㅇ,krdict
표출,ㅍㅛㅊㅜㄹ,krdict
표현,ㅍㅛㅎㅕㄴ,candidates
푼수,ㅍㅜㄴㅅㅜ,krdict
푸념,ㅍㅜㄴㅕㅁ,krdict
푸딩,ㅍㅜㄷㅣㅇ,krdict
풀기,ㅍㅜㄹㄱㅣ,krdict
풀다,ㅍㅜㄹㄷㅏ,krdict
풀이,ㅍㅜㄹㅇㅣ,krdict
품다,ㅍㅜㅁㄷㅏ,krdict
품사,ㅍㅜㅁㅅㅏ,krdict
풍기,ㅍㅜㅇㄱㅣ,krdict
풍류,ㅍㅜㅇㄹㅠ,krdict
풍모,ㅍㅜㅇㅁㅗ,krdict
풍미,ㅍㅜㅇㅁㅣ,krdict
풍수,ㅍㅜㅇㅅㅜ,krdict
풍요,ㅍㅜㅇㅇㅛ,krdict
풍자,ㅍㅜㅇㅈㅏ,krdict
풍조,ㅍㅜㅇㅈㅗ,krdict
풍차,ㅍㅜㅇㅊㅏ,krdict
풍토,ㅍㅜㅇㅌㅗ,krdict
풍파,ㅍㅜㅇㅍㅏ,krdict
퓨전,ㅍㅠㅈㅓㄴ,krdict
피격,ㅍㅣㄱㅕㄱ,krdict
피곤,ㅍㅣㄱㅗㄴ,candidates
피골,ㅍㅣㄱㅗㄹ,krdict
핀트,ㅍㅣㄴㅌㅡ,krdict
피난,ㅍㅣㄴㅏㄴ,krdict
피동,ㅍㅣㄷㅗㅇ,krdict
필기,ㅍㅣㄹㄱㅣ,krdict
필두,ㅍㅣㄹㄷㅜ,krdict
필드,ㅍㅣㄹㄷㅡ,krdict
필부,ㅍㅣㄹㅂㅜ,krdict
필사,ㅍㅣㄹㅅㅏ,krdict
필수,ㅍㅣㄹㅅㅜ,candidates
필시,ㅍㅣㄹㅅㅣ,krdict
필요,ㅍㅣㄹㅇㅛ,candidates
필자,ㅍㅣㄹㅈㅏ,candidates
필지,ㅍㅣㄹㅈㅣ,krdict
필치,ㅍㅣㄹㅊㅣ,krdict
필터,ㅍㅣㄹㅌㅓ,krdict
필히,ㅍㅣㄹㅎㅣ,krdict
피란,ㅍㅣㄹㅏㄴ,krdict
피랍,ㅍㅣㄹㅏㅂ,krdict
피력,ㅍㅣㄹㅕㄱ,krdict
피륙,ㅍㅣㄹㅠㄱ,krdict
피망,ㅍㅣㅁㅏㅇ,candidates
피멍,ㅍㅣㅁㅓㅇ,krdict
피복,ㅍㅣㅂㅗㄱ,krdict
핏기,ㅍㅣㅅㄱㅣ,krdict
피살,ㅍㅣㅅㅏㄹ,krdict
피습,ㅍㅣㅅㅡㅂ,krdict
피식,ㅍㅣㅅㅣㄱ,krdict
피신,ㅍㅣㅅㅣㄴ,krdict
피싱,ㅍㅣㅅㅣㅇ,krdict
핑크,ㅍㅣㅇㅋㅡ,krdict
피읖,ㅍㅣㅇㅡㅍ,krdict
피의,ㅍㅣㅇㅡㅣ,krdict
피임,ㅍㅣㅇㅣㅁ,krdict
피칭,ㅍㅣㅊㅣㅇ,krdict
피클,ㅍㅣㅋㅡㄹ,krdict
피폐,ㅍㅣㅍㅕㅣ,krdict
피폭,ㅍㅣㅍㅗㄱ,krdict
피해,ㅍㅣㅎㅏㅣ,candidates
피혁,ㅍㅣㅎㅕㄱ,krdict
학교,ㅎㅏㄱㄱㅛ,candidates
학기,ㅎㅏㄱㄱㅣ,candidates
학도,ㅎㅏㄱㄷㅗ,krdict
학보,ㅎㅏㄱㅂㅗ,krdict
학부,ㅎㅏㄱㅂㅜ,krdict
학비,ㅎㅏㄱㅂㅣ,candidates
학사,ㅎㅏㄱㅅㅏ,krdict
학우,ㅎㅏㄱㅇㅜ,krdict
학자,ㅎㅏㄱㅈㅏ,candidates
학파,ㅎㅏㄱㅍㅏ,krdict
하강,ㅎㅏㄱㅏㅇ,krdict
하계,ㅎㅏㄱㅕㅣ,krdict
하급,ㅎㅏㄱㅡㅂ,krdict
하긴,ㅎㅏㄱㅣㄴ,krdict
한기,ㅎㅏㄴㄱㅣ,krdict
한도,ㅎㅏㄴㄷㅗ,krdict
한두,ㅎㅏㄴㄷㅜ,krdict
한로,ㅎㅏㄴㄹㅗ,krdict
한류,ㅎㅏㄴㄹㅠ,krdict
한미,ㅎㅏㄴㅁㅣ,krdict
한서,ㅎㅏㄴㅅㅓ,krdict
한시,ㅎㅏㄴㅅㅣ,krdict
한우,ㅎㅏㄴㅇㅜ,krdict
한자,ㅎㅏㄴㅈㅏ,candidates
한지,ㅎㅏㄴㅈㅣ,krdict
한치,ㅎㅏㄴㅊㅣ,krdict
한파,ㅎㅏㄴㅍㅏ,krdict
하늘,ㅎㅏㄴㅡㄹ,candidates
하단,ㅎㅏㄷㅏㄴ,krdict
하달,ㅎㅏㄷㅏㄹ,krdict
하대,ㅎㅏㄷㅏㅣ,krdict
하등,ㅎㅏㄷㅡㅇ,krdict
할미,ㅎㅏㄹㅁㅣ,krdict
할부,ㅎㅏㄹㅂㅜ,krdict
하락,ㅎㅏㄹㅏㄱ,krdict
하례,ㅎㅏㄹㅕㅣ,krdict
함구,ㅎㅏㅁㄱㅜ,krdict
함수,ㅎㅏㅁㅅㅜ,krdict
함유,ㅎㅏㅁㅇㅠ,krdict
함자,ㅎㅏㅁㅈㅏ,krdict
함지,ㅎㅏㅁㅈㅣ,krdict
하명,ㅎㅏㅁㅕㅇ,krdict
하문,ㅎㅏㅁㅜㄴ,krdict
합류,ㅎㅏㅂㄹㅠ,krdict
합리,ㅎㅏㅂㄹㅣ,krdict
합주,ㅎㅏㅂㅈㅜ,krdict
합치,ㅎㅏㅂㅊㅣ,krdict
하복,ㅎㅏㅂㅗㄱ,krdict
하산,ㅎㅏㅅㅏㄴ,krdict
하선,ㅎㅏㅅㅓㄴ,krdict
하숙,ㅎㅏㅅㅜㄱ,krdict
하순,ㅎㅏㅅㅜㄴ,candidates
항거,ㅎㅏㅇㄱㅓ,krdict
항고,ㅎㅏㅇㄱㅗ,krdict
항구,ㅎㅏㅇㄱㅜ,candidates
항로,ㅎㅏㅇㄹㅗ,krdict
항소,ㅎㅏㅇㅅㅗ,krdict
항시,ㅎㅏㅇㅅㅣ,krdict
하양,ㅎㅏㅇㅑㅇ,krdict
하역,ㅎㅏㅇㅕㄱ,krdict
하위,ㅎㅏㅇㅜㅣ,krdict
하의,ㅎㅏㅇㅡㅣ,krdict
하인,ㅎㅏㅇㅣㄴ,krdict
하중,ㅎㅏㅈㅜㅇ,krdict
하직,ㅎㅏㅈㅣㄱ,krdict
하천,ㅎㅏㅊㅓㄴ,candidates
하청,ㅎㅏㅊㅓㅇ,krdict
하체,ㅎㅏㅊㅓㅣ,krdict
하층,ㅎㅏㅊㅡㅇ,krdict
하편,ㅎㅏㅍㅕㄴ,krdict
하품,ㅎㅏㅍㅜㅁ,candidates
하필,ㅎㅏㅍㅣㄹ,krdict
하한,ㅎㅏㅎㅏㄴ,krdict
하향,ㅎㅏㅎㅑㅇ,krdict
해고,ㅎㅏㅣㄱㅗ,krdict
해녀,ㅎㅏㅣㄴㅕ,krdict
해로,ㅎㅏㅣㄹㅗ,krdict
해류,ㅎㅏㅣㄹㅠ,krdict
해리,ㅎㅏㅣㄹㅣ,krdict
해마,ㅎㅏㅣㅁㅏ,krdict
해머,ㅎㅏㅣㅁㅓ,krdict
해부,ㅎㅏㅣㅂㅜ,krdict
해소,ㅎㅏㅣㅅㅗ,candidates
해수,ㅎㅏㅣㅅㅜ,krdict
해이,ㅎㅏㅣㅇㅣ,krdict
해저,ㅎㅏㅣㅈㅓ,krdict
해조,ㅎㅏㅣㅈㅗ,krdict
해지,ㅎㅏㅣㅈㅣ,krdict
해초,ㅎㅏㅣㅊㅗ,krdict
해커,ㅎㅏㅣㅋㅓ,krdict
해후,ㅎㅏㅣㅎㅜ,krdict
향가,ㅎㅑㅇㄱㅏ,krdict
향기,ㅎㅑㅇㄱㅣ,candidates
향로,ㅎㅑㅇㄹㅗ,krdict
향료,ㅎㅑㅇㄹㅛ,krdict
향수,ㅎㅑㅇㅅㅜ,candidates
향유,ㅎㅑㅇㅇㅠ,krdict
향초,ㅎㅑㅇㅊㅗ,krdict
향토,ㅎㅑㅇㅌㅗ,krdict
향후,ㅎㅑㅇㅎㅜ,krdict
허공,ㅎㅓㄱㅗㅇ,krdict
허들,ㅎㅓㄷㅡㄹ,krdict
헐다,ㅎㅓㄹㄷㅏ,krdict
허락,ㅎㅓㄹㅏㄱ,candidates
허례,ㅎㅓㄹㅕㅣ,krdict
험구,ㅎㅓㅁㄱㅜ,krdict
험로,ㅎㅓㅁㄹㅗ,krdict
허망,ㅎㅓㅁㅏㅇ,krdict
허물,ㅎㅓㅁㅜㄹ,krdict
허방,ㅎㅓㅂㅏㅇ,krdict
허상,ㅎㅓㅅㅏㅇ,krdict
허세,ㅎㅓㅅㅓㅣ,krdict
허식,ㅎㅓㅅㅣㄱ,krdict
허실,ㅎㅓㅅㅣㄹ,krdict
허약,ㅎㅓㅇㅑㄱ,krdict
허영,ㅎㅓㅇㅕㅇ,krdict
허욕,ㅎㅓㅇㅛㄱ,krdict
허용,ㅎㅓㅇㅛㅇ,candidates
허울,ㅎㅓㅇㅜㄹ,krdict
허위,ㅎㅓㅇㅜㅣ,krdict
허점,ㅎㅓㅈㅓㅁ,krdict
허탈,ㅎㅓㅌㅏㄹ,krdict
허탕,ㅎㅓㅌㅏㅇ,krdict
허풍,ㅎㅓㅍㅜㅇ,krdict
헤다,ㅎㅓㅣㄷㅏ,krdict
혁파,ㅎㅕㄱㅍㅏ,krdict
현모,ㅎㅕㄴㅁㅗ,krdict
현무,ㅎㅕㄴㅁㅜ,krdict
현미,ㅎㅕㄴㅁㅣ,krdict
현자,ㅎㅕㄴㅈㅏ,krdict
현지,ㅎㅕㄴㅈㅣ,candidates
현하,ㅎㅕㄴㅎㅏ,krdict
혈기,ㅎㅕㄹㄱㅣ,krdict
혈류,ㅎㅕㄹㄹㅠ,krdict
혈서,ㅎㅕㄹㅅㅓ,krdict
혈투,ㅎㅕㄹㅌㅜ,krdict
혐오,ㅎㅕㅁㅇㅗ,krdict
협조,ㅎㅕㅂㅈㅗ,krdict
협주,ㅎㅕㅂㅈㅜ,krdict
형기,ㅎㅕㅇㄱㅣ,krdict
형부,ㅎㅕㅇㅂㅜ,candidates
형사,ㅎㅕㅇㅅㅏ,candidates
형수,ㅎㅕㅇㅅㅜ,candidates
혹사,ㅎㅗㄱㅅㅏ,krdict
혹서,ㅎㅗㄱㅅㅓ,krdict
혹시,ㅎㅗㄱㅅㅣ,krdict
혹여,ㅎㅗㄱㅇㅕ,krdict
혹자,ㅎㅗㄱㅈㅏ,krdict
호각,ㅎㅗㄱㅏㄱ,krdict
호감,ㅎㅗㄱㅏㅁ,krdict
호강,ㅎㅗㄱㅏㅇ,krdict
호걸,ㅎㅗㄱㅓㄹ,krdict
호격,ㅎㅗㄱㅕㄱ,krdict
호국,ㅎㅗㄱㅜㄱ,krdict
혼기,ㅎㅗㄴㄱㅣ,krdict
혼미,ㅎㅗㄴㅁㅣ,krdict
혼사,ㅎㅗㄴㅅㅏ,krdict
혼수,ㅎㅗㄴㅅㅜ,krdict
혼자,ㅎㅗㄴㅈㅏ,candidates
혼주,ㅎㅗㄴㅈㅜ,krdict
혼처,ㅎㅗㄴㅊㅓ,krdict
호남,ㅎㅗㄴㅏㅁ,candidates
홀로,ㅎㅗㄹㄹㅗ,krdict
홀수,ㅎㅗㄹㅅㅜ,krdict
호령,ㅎㅗㄹㅕㅇ,krdict
호른,ㅎㅗㄹㅡㄴ,krdict
호명,ㅎㅗㅁㅕㅇ,krdict
호밀,ㅎㅗㅁㅣㄹ,krdict
호박,ㅎㅗㅂㅏㄱ,candidates
호반,ㅎㅗㅂㅏㄴ,krdict
호봉,ㅎㅗㅂㅗㅇ,krdict
호상,ㅎㅗㅅㅏㅇ,krdict
호선,ㅎㅗㅅㅓㄴ,krdict
호송,ㅎㅗㅅㅗㅇ,krdict
호실,ㅎㅗㅅㅣㄹ,candidates
홍보,ㅎㅗㅇㅂㅗ,candidates
홍수,ㅎㅗㅇㅅㅜ,candidates
홍시,ㅎㅗㅇㅅㅣ,krdict
홍어,ㅎㅗㅇㅇㅓ,krdict
홍조,ㅎㅗㅇㅈㅗ,krdict
홍차,ㅎㅗㅇㅊㅏ,candidates
호언,ㅎㅗㅇㅓㄴ,krdict
호외,ㅎㅗㅇㅗㅣ,krdict
호위,ㅎㅗㅇㅜㅣ,krdict
호응,ㅎㅗㅇㅡㅇ,krdict
호의,ㅎㅗㅇㅡㅣ,krdict
호인,ㅎㅗㅇㅣㄴ,krdict
호재,ㅎㅗㅈㅏㅣ,krdict
호적,ㅎㅗㅈㅓㄱ,krdict
호전,ㅎㅗㅈㅓㄴ,krdict
호청,ㅎㅗㅊㅓㅇ,krdict
호출,ㅎㅗㅊㅜㄹ,krdict
호칭,ㅎㅗㅊㅣㅇ,krdict
호통,ㅎㅗㅌㅗㅇ,krdict
호평,ㅎㅗㅍㅕㅇ,krdict
호혜,ㅎㅗㅎㅕㅣ,krdict
호화,ㅎㅗㅎㅗㅏ,krdict
호흡,ㅎㅗㅎㅡㅂ,candidates
화가,ㅎㅗㅏㄱㅏ,candidates
화교,ㅎㅗㅏㄱㅛ,krdict
화기,ㅎㅗㅏㄱㅣ,krdict
화두,ㅎㅗㅏㄷㅜ,krdict
화로,ㅎㅗㅏㄹㅗ,krdict
화보,ㅎㅗㅏㅂㅗ,krdict
화소,ㅎㅗㅏㅅㅗ,krdict
화자,ㅎㅗㅏㅈㅏ,krdict
화초,ㅎㅗㅏㅊㅗ,krdict
화투,ㅎㅗㅏㅌㅜ,krdict
화포,ㅎㅗㅏㅍㅗ,krdict
홱,ㅎㅗㅏㅣㄱ,krdict
회고,ㅎㅗㅣㄱㅗ,krdict
회교,ㅎㅗㅣㄱㅛ,krdict
회기,ㅎㅗㅣㄱㅣ,krdict
회로,ㅎㅗㅣㄹㅗ,krdict
회보,ㅎㅗㅣㅂㅗ,krdict
회부,ㅎㅗㅣㅂㅜ,krdict
회비,ㅎㅗㅣㅂㅣ,krdict
회사,ㅎㅗㅣㅅㅏ,candidates
회수,ㅎㅗㅣㅅㅜ,krdict
회유,ㅎㅗㅣㅇㅠ,krdict
회자,ㅎㅗㅣㅈㅏ,krdict
회포,ㅎㅗㅣㅍㅗ,krdict
회피,ㅎㅗㅣㅍㅣ,krdict
효과,ㅎㅛㄱㅗㅏ,candidates
효능,ㅎㅛㄴㅡㅇ,krdict
효력,ㅎㅛㄹㅕㄱ,krdict
효성,ㅎㅛㅅㅓㅇ,krdict
효심,ㅎㅛㅅㅣㅁ,krdict
효용,ㅎㅛㅇㅛㅇ,krdict
효율,ㅎㅛㅇㅠㄹ,krdict
효험,ㅎㅛㅎㅓㅁ,krdict
후각,ㅎㅜㄱㅏㄱ,krdict
후계,ㅎㅜㄱㅕㅣ,krdict
후궁,ㅎㅜㄱㅜㅇ,krdict
훈기,ㅎㅜㄴㄱㅣ,krdict
훈수,ㅎㅜㄴㅅㅜ,krdict
훈시,ㅎㅜㄴㅅㅣ,krdict
후년,ㅎㅜㄴㅕㄴ,krdict
후대,ㅎㅜㄷㅏㅣ,krdict
후덕,ㅎㅜㄷㅓㄱ,krdict
후렴,ㅎㅜㄹㅕㅁ,krdict
후룩,ㅎㅜㄹㅜㄱ,krdict
후면,ㅎㅜㅁㅕㄴ,krdict
후문,ㅎㅜㅁㅜㄴ,krdict
후반,ㅎㅜㅂㅏㄴ,candidates
후발,ㅎㅜㅂㅏㄹ,krdict
후방,ㅎㅜㅂㅏㅇ,krdict
후배,ㅎㅜㅂㅏㅣ,candidates
후불,ㅎㅜㅂㅜㄹ,krdict
후세,ㅎㅜㅅㅓㅣ,krdict
후속,ㅎㅜㅅㅗㄱ,krdict
후손,ㅎㅜㅅㅗㄴ,krdict
후송,ㅎㅜㅅㅗㅇ,krdict
후식,ㅎㅜㅅㅣㄱ,krdict
후실,ㅎㅜㅅㅣㄹ,krdict
후예,ㅎㅜㅇㅕㅣ,krdict
후위,ㅎㅜㅇㅜㅣ,krdict
후일,ㅎㅜㅇㅣㄹ,krdict
후임,ㅎㅜㅇㅣㅁ,krdict
후진,ㅎㅜㅈㅣㄴ,krdict
후퇴,ㅎㅜㅌㅗㅣ,krdict
후편,ㅎㅜㅍㅕㄴ,krdict
후학,ㅎㅜㅎㅏㄱ,krdict
후회,ㅎㅜㅎㅗㅣ,candidates
휘다,ㅎㅜㅣㄷㅏ,krdict
휘하,ㅎㅜㅣㅎㅏ,krdict
휴강,ㅎㅠㄱㅏㅇ,krdict
휴게,ㅎㅠㄱㅓㅣ,krdict
휴대,ㅎㅠㄷㅏㅣ,krdict
휴면,ㅎㅠㅁㅕㄴ,krdict
휴식,ㅎㅠㅅㅣㄱ,candidates
흉가,ㅎㅠㅇㄱㅏ,krdict
흉기,ㅎㅠㅇㄱㅣ,krdict
흉부,ㅎㅠㅇㅂㅜ,krdict
흉조,ㅎㅠㅇㅈㅗ,krdict
흉터,ㅎㅠㅇㅌㅓ,krdict
흉포,ㅎㅠㅇㅍㅗ,krdict
휴양,ㅎㅠㅇㅑㅇ,krdict
휴업,ㅎㅠㅇㅓㅂ,krdict
휴일,ㅎㅠㅇㅣㄹ,candidates
휴전,ㅎㅠㅈㅓㄴ,krdict
휴정,ㅎㅠㅈㅓㅇ,krdict
휴직,ㅎㅠㅈㅣㄱ,krdict
휴진,ㅎㅠㅈㅣㄴ,krdict
휴학,ㅎㅠㅎㅏㄱ,krdict
흑자,ㅎㅡㄱㅈㅏ,krdict
흔히,ㅎㅡㄴㅎㅣ,krdict
흐름,ㅎㅡㄹㅡㅁ,candidates
흠모,ㅎㅡㅁㅁㅗ,krdict
흡사,ㅎㅡㅂㅅㅏ,krdict
흡수,ㅎㅡㅂㅅㅜ,krdict
흥미,ㅎㅡㅇㅁㅣ,candidates
흥부,ㅎㅡㅇㅂㅜ,krdict
흩다,ㅎㅡㅌㄷㅏ,krdict
희구,ㅎㅡㅣㄱㅜ,krdict
희다,ㅎㅡㅣㄷㅏ,krdict
희비,ㅎㅡㅣㅂㅣ,krdict
희소,ㅎㅡㅣㅅㅗ,krdict
희수,ㅎㅡㅣㅅㅜ,krdict
힌트,ㅎㅣㄴㅌㅡ,krdict
히읗,ㅎㅣㅇㅡㅎ,krdict
히죽,ㅎㅣㅈㅜㄱ,krdict
